latitude,longitude,concentration_pct,thickness_m,category,source,timestamp
-72.0,0.0,95.5,1.92,Very High Ice,DEMO DATA — NOT FOR REAL-WORLD NAVIGATION,2026-09-21T13:29:46.813836
-72.0,0.5,91.2,1.84,Very High Ice,DEMO DATA — NOT FOR REAL-WORLD NAVIGATION,2026-09-21T13:29:46.813836
-72.0,1.0,89.1,1.8,High Ice,DEMO DATA — NOT FOR REAL-WORLD NAVIGATION,2026-09-21T13:29:46.813836
-72.0,1.5,99.0,1.98,Very High Ice,DEMO DATA — NOT FOR REAL-WORLD NAVIGATION,2026-09-21T13:29:46.813836
-72.0,2.0,100.0,2.0,Very High Ice,DEMO DATA — NOT FOR REAL-WORLD NAVIGATION,2026-09-21T13:29:46.813836
-72.0,2.5,95.6,1.92,Very High Ice,DEMO DATA — NOT FOR REAL-WORLD NAVIGATION,2026-09-21T13:29:46.813836
-72.0,3.0,98.8,1.98,Very High Ice,DEMO DATA — NOT FOR REAL-WORLD NAVIGATION,2026-09-21T13:29:46.813836
-72.0,3.5,94.1,1.89,Very High Ice,DEMO DATA — NOT FOR REAL-WORLD NAVIGATION,2026-09-21T13:29:46.813836
-72.0,4.0,100.0,2.0,Very High Ice,DEMO DATA — NOT FOR REAL-WORLD NAVIGATION,2026-09-21T13:29:46.813836
-72.0,4.5,95.5,1.92,Very High Ice,DEMO DATA — NOT FOR REAL-WORLD NAVIGATION,2026-09-21T13:29:46.813836
-72.0,5.0,95.7,1.92,Very High Ice,DEMO DATA — NOT FOR REAL-WORLD NAVIGATION,2026-09-21T13:29:46.813836
-72.0,5.5,95.8,1.92,Very High Ice,DEMO DATA — NOT FOR REAL-WORLD NAVIGATION,2026-09-21T13:29:46.813836
-72.0,6.0,100.0,2.0,Very High Ice,DEMO DATA — NOT FOR REAL-WORLD NAVIGATION,2026-09-21T13:29:46.813836
-72.0,6.5,96.8,1.94,Very High Ice,DEMO DATA — NOT FOR REAL-WORLD NAVIGATION,2026-09-21T13:29:46.813836
-72.0,7.0,100.0,2.0,Very High Ice,DEMO DATA — NOT FOR REAL-WORLD NAVIGATION,2026-09-21T13:29:46.813836
-72.0,7.5,95.0,1.91,Very High Ice,DEMO DATA — NOT FOR REAL-WORLD NAVIGATION,2026-09-21T13:29:46.813836
-72.0,8.0,100.0,2.0,Very High Ice,DEMO DATA — NOT FOR REAL-WORLD NAVIGATION,2026-09-21T13:29:46.813836
-72.0,8.5,98.3,1.97,Very High Ice,DEMO DATA — NOT FOR REAL-WORLD NAVIGATION,2026-09-21T13:29:46.813836
-72.0,9.0,98.5,1.97,Very High Ice,DEMO DATA — NOT FOR REAL-WORLD NAVIGATION,2026-09-21T13:29:46.813836
-72.0,9.5,90.1,1.82,Very High Ice,DEMO DATA — NOT FOR REAL-WORLD NAVIGATION,2026-09-21T13:29:46.813836
-72.0,10.0,94.4,1.9,Very High Ice,DEMO DATA — NOT FOR REAL-WORLD NAVIGATION,2026-09-21T13:29:46.813836
-72.0,10.5,97.8,1.96,Very High Ice,DEMO DATA — NOT FOR REAL-WORLD NAVIGATION,2026-09-21T13:29:46.813836
-72.0,11.0,94.7,1.91,Very High Ice,DEMO DATA — NOT FOR REAL-WORLD NAVIGATION,2026-09-21T13:29:46.813836
-72.0,11.5,96.4,1.94,Very High Ice,DEMO DATA — NOT FOR REAL-WORLD NAVIGATION,2026-09-21T13:29:46.813836
-72.0,12.0,93.7,1.89,Very High Ice,DEMO DATA — NOT FOR REAL-WORLD NAVIGATION,2026-09-21T13:29:46.813836
-72.0,12.5,99.1,1.98,Very High Ice,DEMO DATA — NOT FOR REAL-WORLD NAVIGATION,2026-09-21T13:29:46.813836
-72.0,13.0,99.8,2.0,Very High Ice,DEMO DATA — NOT FOR REAL-WORLD NAVIGATION,2026-09-21T13:29:46.813836
-72.0,13.5,100.0,2.0,Very High Ice,DEMO DATA — NOT FOR REAL-WORLD NAVIGATION,2026-09-21T13:29:46.813836
-72.0,14.0,99.4,1.99,Very High Ice,DEMO DATA — NOT FOR REAL-WORLD NAVIGATION,2026-09-21T13:29:46.813836
-72.0,14.5,97.9,1.96,Very High Ice,DEMO DATA — NOT FOR REAL-WORLD NAVIGATION,2026-09-21T13:29:46.813836
-72.0,15.0,94.4,1.9,Very High Ice,DEMO DATA — NOT FOR REAL-WORLD NAVIGATION,2026-09-21T13:29:46.813836
-72.0,15.5,94.7,1.9,Very High Ice,DEMO DATA — NOT FOR REAL-WORLD NAVIGATION,2026-09-21T13:29:46.813836
-72.0,16.0,97.6,1.96,Very High Ice,DEMO DATA — NOT FOR REAL-WORLD NAVIGATION,2026-09-21T13:29:46.813836
-72.0,16.5,94.8,1.91,Very High Ice,DEMO DATA — NOT FOR REAL-WORLD NAVIGATION,2026-09-21T13:29:46.813836
-72.0,17.0,97.7,1.96,Very High Ice,DEMO DATA — NOT FOR REAL-WORLD NAVIGATION,2026-09-21T13:29:46.813836
-72.0,17.5,95.4,1.92,Very High Ice,DEMO DATA — NOT FOR REAL-WORLD NAVIGATION,2026-09-21T13:29:46.813836
-72.0,18.0,98.8,1.98,Very High Ice,DEMO DATA — NOT FOR REAL-WORLD NAVIGATION,2026-09-21T13:29:46.813836
-72.0,18.5,96.3,1.93,Very High Ice,DEMO DATA — NOT FOR REAL-WORLD NAVIGATION,2026-09-21T13:29:46.813836
-72.0,19.0,95.3,1.92,Very High Ice,DEMO DATA — NOT FOR REAL-WORLD NAVIGATION,2026-09-21T13:29:46.813836
-72.0,19.5,100.0,2.0,Very High Ice,DEMO DATA — NOT FOR REAL-WORLD NAVIGATION,2026-09-21T13:29:46.813836
-72.0,20.0,99.1,1.98,Very High Ice,DEMO DATA — NOT FOR REAL-WORLD NAVIGATION,2026-09-21T13:29:46.813836
-72.0,20.5,100.0,2.0,Very High Ice,DEMO DATA — NOT FOR REAL-WORLD NAVIGATION,2026-09-21T13:29:46.813836
-72.0,21.0,93.2,1.88,Very High Ice,DEMO DATA — NOT FOR REAL-WORLD NAVIGATION,2026-09-21T13:29:46.813836
-72.0,21.5,97.4,1.95,Very High Ice,DEMO DATA — NOT FOR REAL-WORLD NAVIGATION,2026-09-21T13:29:46.813836
-72.0,22.0,96.1,1.93,Very High Ice,DEMO DATA — NOT FOR REAL-WORLD NAVIGATION,2026-09-21T13:29:46.813836
-71.5,0.0,93.5,1.88,Very High Ice,DEMO DATA — NOT FOR REAL-WORLD NAVIGATION,2026-09-21T13:29:46.813836
-71.5,0.5,96.1,1.93,Very High Ice,DEMO DATA — NOT FOR REAL-WORLD NAVIGATION,2026-09-21T13:29:46.813836
-71.5,1.0,100.0,2.0,Very High Ice,DEMO DATA — NOT FOR REAL-WORLD NAVIGATION,2026-09-21T13:29:46.813836
-71.5,1.5,92.9,1.87,Very High Ice,DEMO DATA — NOT FOR REAL-WORLD NAVIGATION,2026-09-21T13:29:46.813836
-71.5,2.0,90.5,1.83,Very High Ice,DEMO DATA — NOT FOR REAL-WORLD NAVIGATION,2026-09-21T13:29:46.813836
-71.5,2.5,99.3,1.99,Very High Ice,DEMO DATA — NOT FOR REAL-WORLD NAVIGATION,2026-09-21T13:29:46.813836
-71.5,3.0,91.8,1.85,Very High Ice,DEMO DATA — NOT FOR REAL-WORLD NAVIGATION,2026-09-21T13:29:46.813836
-71.5,3.5,87.6,1.78,High Ice,DEMO DATA — NOT FOR REAL-WORLD NAVIGATION,2026-09-21T13:29:46.813836
-71.5,4.0,99.2,1.99,Very High Ice,DEMO DATA — NOT FOR REAL-WORLD NAVIGATION,2026-09-21T13:29:46.813836
-71.5,4.5,93.6,1.89,Very High Ice,DEMO DATA — NOT FOR REAL-WORLD NAVIGATION,2026-09-21T13:29:46.813836
-71.5,5.0,100.0,2.0,Very High Ice,DEMO DATA — NOT FOR REAL-WORLD NAVIGATION,2026-09-21T13:29:46.813836
-71.5,5.5,98.7,1.98,Very High Ice,DEMO DATA — NOT FOR REAL-WORLD NAVIGATION,2026-09-21T13:29:46.813836
-71.5,6.0,96.3,1.93,Very High Ice,DEMO DATA — NOT FOR REAL-WORLD NAVIGATION,2026-09-21T13:29:46.813836
-71.5,6.5,100.0,2.0,Very High Ice,DEMO DATA — NOT FOR REAL-WORLD NAVIGATION,2026-09-21T13:29:46.813836
-71.5,7.0,100.0,2.0,Very High Ice,DEMO DATA — NOT FOR REAL-WORLD NAVIGATION,2026-09-21T13:29:46.813836
-71.5,7.5,97.2,1.95,Very High Ice,DEMO DATA — NOT FOR REAL-WORLD NAVIGATION,2026-09-21T13:29:46.813836
-71.5,8.0,100.0,2.0,Very High Ice,DEMO DATA — NOT FOR REAL-WORLD NAVIGATION,2026-09-21T13:29:46.813836
-71.5,8.5,91.7,1.85,Very High Ice,DEMO DATA — NOT FOR REAL-WORLD NAVIGATION,2026-09-21T13:29:46.813836
-71.5,9.0,94.4,1.9,Very High Ice,DEMO DATA — NOT FOR REAL-WORLD NAVIGATION,2026-09-21T13:29:46.813836
-71.5,9.5,100.0,2.0,Very High Ice,DEMO DATA — NOT FOR REAL-WORLD NAVIGATION,2026-09-21T13:29:46.813836
-71.5,10.0,98.2,1.97,Very High Ice,DEMO DATA — NOT FOR REAL-WORLD NAVIGATION,2026-09-21T13:29:46.813836
-71.5,10.5,94.2,1.9,Very High Ice,DEMO DATA — NOT FOR REAL-WORLD NAVIGATION,2026-09-21T13:29:46.813836
-71.5,11.0,95.9,1.93,Very High Ice,DEMO DATA — NOT FOR REAL-WORLD NAVIGATION,2026-09-21T13:29:46.813836
-71.5,11.5,91.8,1.85,Very High Ice,DEMO DATA — NOT FOR REAL-WORLD NAVIGATION,2026-09-21T13:29:46.813836
-71.5,12.0,100.0,2.0,Very High Ice,DEMO DATA — NOT FOR REAL-WORLD NAVIGATION,2026-09-21T13:29:46.813836
-71.5,12.5,96.4,1.93,Very High Ice,DEMO DATA — NOT FOR REAL-WORLD NAVIGATION,2026-09-21T13:29:46.813836
-71.5,13.0,95.5,1.92,Very High Ice,DEMO DATA — NOT FOR REAL-WORLD NAVIGATION,2026-09-21T13:29:46.813836
-71.5,13.5,100.0,2.0,Very High Ice,DEMO DATA — NOT FOR REAL-WORLD NAVIGATION,2026-09-21T13:29:46.813836
-71.5,14.0,92.3,1.86,Very High Ice,DEMO DATA — NOT FOR REAL-WORLD NAVIGATION,2026-09-21T13:29:46.813836
-71.5,14.5,96.8,1.94,Very High Ice,DEMO DATA — NOT FOR REAL-WORLD NAVIGATION,2026-09-21T13:29:46.813836
-71.5,15.0,97.6,1.96,Very High Ice,DEMO DATA — NOT FOR REAL-WORLD NAVIGATION,2026-09-21T13:29:46.813836
-71.5,15.5,96.7,1.94,Very High Ice,DEMO DATA — NOT FOR REAL-WORLD NAVIGATION,2026-09-21T13:29:46.813836
-71.5,16.0,99.6,1.99,Very High Ice,DEMO DATA — NOT FOR REAL-WORLD NAVIGATION,2026-09-21T13:29:46.813836
-71.5,16.5,100.0,2.0,Very High Ice,DEMO DATA — NOT FOR REAL-WORLD NAVIGATION,2026-09-21T13:29:46.813836
-71.5,17.0,93.5,1.88,Very High Ice,DEMO DATA — NOT FOR REAL-WORLD NAVIGATION,2026-09-21T13:29:46.813836
-71.5,17.5,93.9,1.89,Very High Ice,DEMO DATA — NOT FOR REAL-WORLD NAVIGATION,2026-09-21T13:29:46.813836
-71.5,18.0,96.1,1.93,Very High Ice,DEMO DATA — NOT FOR REAL-WORLD NAVIGATION,2026-09-21T13:29:46.813836
-71.5,18.5,93.2,1.88,Very High Ice,DEMO DATA — NOT FOR REAL-WORLD NAVIGATION,2026-09-21T13:29:46.813836
-71.5,19.0,96.4,1.94,Very High Ice,DEMO DATA — NOT FOR REAL-WORLD NAVIGATION,2026-09-21T13:29:46.813836
-71.5,19.5,94.6,1.9,Very High Ice,DEMO DATA — NOT FOR REAL-WORLD NAVIGATION,2026-09-21T13:29:46.813836
-71.5,20.0,96.4,1.94,Very High Ice,DEMO DATA — NOT FOR REAL-WORLD NAVIGATION,2026-09-21T13:29:46.813836
-71.5,20.5,92.2,1.86,Very High Ice,DEMO DATA — NOT FOR REAL-WORLD NAVIGATION,2026-09-21T13:29:46.813836
-71.5,21.0,97.5,1.95,Very High Ice,DEMO DATA — NOT FOR REAL-WORLD NAVIGATION,2026-09-21T13:29:46.813836
-71.5,21.5,97.3,1.95,Very High Ice,DEMO DATA — NOT FOR REAL-WORLD NAVIGATION,2026-09-21T13:29:46.813836
-71.5,22.0,94.3,1.9,Very High Ice,DEMO DATA — NOT FOR REAL-WORLD NAVIGATION,2026-09-21T13:29:46.813836
-71.0,0.0,93.6,1.89,Very High Ice,DEMO DATA — NOT FOR REAL-WORLD NAVIGATION,2026-09-21T13:29:46.813836
-71.0,0.5,96.6,1.94,Very High Ice,DEMO DATA — NOT FOR REAL-WORLD NAVIGATION,2026-09-21T13:29:46.813836
-71.0,1.0,99.0,1.98,Very High Ice,DEMO DATA — NOT FOR REAL-WORLD NAVIGATION,2026-09-21T13:29:46.813836
-71.0,1.5,96.0,1.93,Very High Ice,DEMO DATA — NOT FOR REAL-WORLD NAVIGATION,2026-09-21T13:29:46.813836
-71.0,2.0,96.7,1.94,Very High Ice,DEMO DATA — NOT FOR REAL-WORLD NAVIGATION,2026-09-21T13:29:46.813836
-71.0,2.5,95.5,1.92,Very High Ice,DEMO DATA — NOT FOR REAL-WORLD NAVIGATION,2026-09-21T13:29:46.813836
-71.0,3.0,96.6,1.94,Very High Ice,DEMO DATA — NOT FOR REAL-WORLD NAVIGATION,2026-09-21T13:29:46.813836
-71.0,3.5,97.8,1.96,Very High Ice,DEMO DATA — NOT FOR REAL-WORLD NAVIGATION,2026-09-21T13:29:46.813836
-71.0,4.0,96.5,1.94,Very High Ice,DEMO DATA — NOT FOR REAL-WORLD NAVIGATION,2026-09-21T13:29:46.813836
-71.0,4.5,97.0,1.95,Very High Ice,DEMO DATA — NOT FOR REAL-WORLD NAVIGATION,2026-09-21T13:29:46.813836
-71.0,5.0,90.8,1.83,Very High Ice,DEMO DATA — NOT FOR REAL-WORLD NAVIGATION,2026-09-21T13:29:46.813836
-71.0,5.5,93.5,1.88,Very High Ice,DEMO DATA — NOT FOR REAL-WORLD NAVIGATION,2026-09-21T13:29:46.813836
-71.0,6.0,92.9,1.87,Very High Ice,DEMO DATA — NOT FOR REAL-WORLD NAVIGATION,2026-09-21T13:29:46.813836
-71.0,6.5,94.7,1.9,Very High Ice,DEMO DATA — NOT FOR REAL-WORLD NAVIGATION,2026-09-21T13:29:46.813836
-71.0,7.0,100.0,2.0,Very High Ice,DEMO DATA — NOT FOR REAL-WORLD NAVIGATION,2026-09-21T13:29:46.813836
-71.0,7.5,98.7,1.98,Very High Ice,DEMO DATA — NOT FOR REAL-WORLD NAVIGATION,2026-09-21T13:29:46.813836
-71.0,8.0,93.0,1.87,Very High Ice,DEMO DATA — NOT FOR REAL-WORLD NAVIGATION,2026-09-21T13:29:46.813836
-71.0,8.5,99.0,1.98,Very High Ice,DEMO DATA — NOT FOR REAL-WORLD NAVIGATION,2026-09-21T13:29:46.813836
-71.0,9.0,95.4,1.92,Very High Ice,DEMO DATA — NOT FOR REAL-WORLD NAVIGATION,2026-09-21T13:29:46.813836
-71.0,9.5,100.0,2.0,Very High Ice,DEMO DATA — NOT FOR REAL-WORLD NAVIGATION,2026-09-21T13:29:46.813836
-71.0,10.0,92.8,1.87,Very High Ice,DEMO DATA — NOT FOR REAL-WORLD NAVIGATION,2026-09-21T13:29:46.813836
-71.0,10.5,98.2,1.97,Very High Ice,DEMO DATA — NOT FOR REAL-WORLD NAVIGATION,2026-09-21T13:29:46.813836
-71.0,11.0,97.2,1.95,Very High Ice,DEMO DATA — NOT FOR REAL-WORLD NAVIGATION,2026-09-21T13:29:46.813836
-71.0,11.5,93.6,1.89,Very High Ice,DEMO DATA — NOT FOR REAL-WORLD NAVIGATION,2026-09-21T13:29:46.813836
-71.0,12.0,95.5,1.92,Very High Ice,DEMO DATA — NOT FOR REAL-WORLD NAVIGATION,2026-09-21T13:29:46.813836
-71.0,12.5,91.5,1.85,Very High Ice,DEMO DATA — NOT FOR REAL-WORLD NAVIGATION,2026-09-21T13:29:46.813836
-71.0,13.0,94.7,1.91,Very High Ice,DEMO DATA — NOT FOR REAL-WORLD NAVIGATION,2026-09-21T13:29:46.813836
-71.0,13.5,96.8,1.94,Very High Ice,DEMO DATA — NOT FOR REAL-WORLD NAVIGATION,2026-09-21T13:29:46.813836
-71.0,14.0,95.5,1.92,Very High Ice,DEMO DATA — NOT FOR REAL-WORLD NAVIGATION,2026-09-21T13:29:46.813836
-71.0,14.5,96.1,1.93,Very High Ice,DEMO DATA — NOT FOR REAL-WORLD NAVIGATION,2026-09-21T13:29:46.813836
-71.0,15.0,100.0,2.0,Very High Ice,DEMO DATA — NOT FOR REAL-WORLD NAVIGATION,2026-09-21T13:29:46.813836
-71.0,15.5,96.2,1.93,Very High Ice,DEMO DATA — NOT FOR REAL-WORLD NAVIGATION,2026-09-21T13:29:46.813836
-71.0,16.0,98.0,1.96,Very High Ice,DEMO DATA — NOT FOR REAL-WORLD NAVIGATION,2026-09-21T13:29:46.813836
-71.0,16.5,98.4,1.97,Very High Ice,DEMO DATA — NOT FOR REAL-WORLD NAVIGATION,2026-09-21T13:29:46.813836
-71.0,17.0,98.9,1.98,Very High Ice,DEMO DATA — NOT FOR REAL-WORLD NAVIGATION,2026-09-21T13:29:46.813836
-71.0,17.5,95.2,1.91,Very High Ice,DEMO DATA — NOT FOR REAL-WORLD NAVIGATION,2026-09-21T13:29:46.813836
-71.0,18.0,92.3,1.86,Very High Ice,DEMO DATA — NOT FOR REAL-WORLD NAVIGATION,2026-09-21T13:29:46.813836
-71.0,18.5,99.3,1.99,Very High Ice,DEMO DATA — NOT FOR REAL-WORLD NAVIGATION,2026-09-21T13:29:46.813836
-71.0,19.0,100.0,2.0,Very High Ice,DEMO DATA — NOT FOR REAL-WORLD NAVIGATION,2026-09-21T13:29:46.813836
-71.0,19.5,92.3,1.86,Very High Ice,DEMO DATA — NOT FOR REAL-WORLD NAVIGATION,2026-09-21T13:29:46.813836
-71.0,20.0,88.1,1.79,High Ice,DEMO DATA — NOT FOR REAL-WORLD NAVIGATION,2026-09-21T13:29:46.813836
-71.0,20.5,98.0,1.96,Very High Ice,DEMO DATA — NOT FOR REAL-WORLD NAVIGATION,2026-09-21T13:29:46.813836
-71.0,21.0,98.2,1.97,Very High Ice,DEMO DATA — NOT FOR REAL-WORLD NAVIGATION,2026-09-21T13:29:46.813836
-71.0,21.5,97.3,1.95,Very High Ice,DEMO DATA — NOT FOR REAL-WORLD NAVIGATION,2026-09-21T13:29:46.813836
-71.0,22.0,100.0,2.0,Very High Ice,DEMO DATA — NOT FOR REAL-WORLD NAVIGATION,2026-09-21T13:29:46.813836
-70.5,0.0,91.9,1.85,Very High Ice,DEMO DATA — NOT FOR REAL-WORLD NAVIGATION,2026-09-21T13:29:46.813836
-70.5,0.5,97.7,1.96,Very High Ice,DEMO DATA — NOT FOR REAL-WORLD NAVIGATION,2026-09-21T13:29:46.813836
-70.5,1.0,95.9,1.93,Very High Ice,DEMO DATA — NOT FOR REAL-WORLD NAVIGATION,2026-09-21T13:29:46.813836
-70.5,1.5,99.5,1.99,Very High Ice,DEMO DATA — NOT FOR REAL-WORLD NAVIGATION,2026-09-21T13:29:46.813836
-70.5,2.0,98.0,1.96,Very High Ice,DEMO DATA — NOT FOR REAL-WORLD NAVIGATION,2026-09-21T13:29:46.813836
-70.5,2.5,97.9,1.96,Very High Ice,DEMO DATA — NOT FOR REAL-WORLD NAVIGATION,2026-09-21T13:29:46.813836
-70.5,3.0,99.5,1.99,Very High Ice,DEMO DATA — NOT FOR REAL-WORLD NAVIGATION,2026-09-21T13:29:46.813836
-70.5,3.5,96.5,1.94,Very High Ice,DEMO DATA — NOT FOR REAL-WORLD NAVIGATION,2026-09-21T13:29:46.813836
-70.5,4.0,100.0,2.0,Very High Ice,DEMO DATA — NOT FOR REAL-WORLD NAVIGATION,2026-09-21T13:29:46.813836
-70.5,4.5,93.8,1.89,Very High Ice,DEMO DATA — NOT FOR REAL-WORLD NAVIGATION,2026-09-21T13:29:46.813836
-70.5,5.0,97.3,1.95,Very High Ice,DEMO DATA — NOT FOR REAL-WORLD NAVIGATION,2026-09-21T13:29:46.813836
-70.5,5.5,97.7,1.96,Very High Ice,DEMO DATA — NOT FOR REAL-WORLD NAVIGATION,2026-09-21T13:29:46.813836
-70.5,6.0,94.3,1.9,Very High Ice,DEMO DATA — NOT FOR REAL-WORLD NAVIGATION,2026-09-21T13:29:46.813836
-70.5,6.5,89.2,1.81,High Ice,DEMO DATA — NOT FOR REAL-WORLD NAVIGATION,2026-09-21T13:29:46.813836
-70.5,7.0,96.7,1.94,Very High Ice,DEMO DATA — NOT FOR REAL-WORLD NAVIGATION,2026-09-21T13:29:46.813836
-70.5,7.5,90.3,1.83,Very High Ice,DEMO DATA — NOT FOR REAL-WORLD NAVIGATION,2026-09-21T13:29:46.813836
-70.5,8.0,100.0,2.0,Very High Ice,DEMO DATA — NOT FOR REAL-WORLD NAVIGATION,2026-09-21T13:29:46.813836
-70.5,8.5,100.0,2.0,Very High Ice,DEMO DATA — NOT FOR REAL-WORLD NAVIGATION,2026-09-21T13:29:46.813836
-70.5,9.0,99.9,2.0,Very High Ice,DEMO DATA — NOT FOR REAL-WORLD NAVIGATION,2026-09-21T13:29:46.813836
-70.5,9.5,88.8,1.8,High Ice,DEMO DATA — NOT FOR REAL-WORLD NAVIGATION,2026-09-21T13:29:46.813836
-70.5,10.0,94.6,1.9,Very High Ice,DEMO DATA — NOT FOR REAL-WORLD NAVIGATION,2026-09-21T13:29:46.813836
-70.5,10.5,89.7,1.81,High Ice,DEMO DATA — NOT FOR REAL-WORLD NAVIGATION,2026-09-21T13:29:46.813836
-70.5,11.0,84.3,1.72,High Ice,DEMO DATA — NOT FOR REAL-WORLD NAVIGATION,2026-09-21T13:29:46.813836
-70.5,11.5,91.6,1.85,Very High Ice,DEMO DATA — NOT FOR REAL-WORLD NAVIGATION,2026-09-21T13:29:46.813836
-70.5,12.0,88.7,1.8,High Ice,DEMO DATA — NOT FOR REAL-WORLD NAVIGATION,2026-09-21T13:29:46.813836
-70.5,12.5,96.3,1.93,Very High Ice,DEMO DATA — NOT FOR REAL-WORLD NAVIGATION,2026-09-21T13:29:46.813836
-70.5,13.0,90.5,1.83,Very High Ice,DEMO DATA — NOT FOR REAL-WORLD NAVIGATION,2026-09-21T13:29:46.813836
-70.5,13.5,97.8,1.96,Very High Ice,DEMO DATA — NOT FOR REAL-WORLD NAVIGATION,2026-09-21T13:29:46.813836
-70.5,14.0,93.5,1.88,Very High Ice,DEMO DATA — NOT FOR REAL-WORLD NAVIGATION,2026-09-21T13:29:46.813836
-70.5,14.5,89.7,1.82,High Ice,DEMO DATA — NOT FOR REAL-WORLD NAVIGATION,2026-09-21T13:29:46.813836
-70.5,15.0,96.9,1.94,Very High Ice,DEMO DATA — NOT FOR REAL-WORLD NAVIGATION,2026-09-21T13:29:46.813836
-70.5,15.5,100.0,2.0,Very High Ice,DEMO DATA — NOT FOR REAL-WORLD NAVIGATION,2026-09-21T13:29:46.813836
-70.5,16.0,97.6,1.96,Very High Ice,DEMO DATA — NOT FOR REAL-WORLD NAVIGATION,2026-09-21T13:29:46.813836
-70.5,16.5,95.4,1.92,Very High Ice,DEMO DATA — NOT FOR REAL-WORLD NAVIGATION,2026-09-21T13:29:46.813836
-70.5,17.0,100.0,2.0,Very High Ice,DEMO DATA — NOT FOR REAL-WORLD NAVIGATION,2026-09-21T13:29:46.813836
-70.5,17.5,96.9,1.94,Very High Ice,DEMO DATA — NOT FOR REAL-WORLD NAVIGATION,2026-09-21T13:29:46.813836
-70.5,18.0,93.5,1.88,Very High Ice,DEMO DATA — NOT FOR REAL-WORLD NAVIGATION,2026-09-21T13:29:46.813836
-70.5,18.5,92.3,1.86,Very High Ice,DEMO DATA — NOT FOR REAL-WORLD NAVIGATION,2026-09-21T13:29:46.813836
-70.5,19.0,97.7,1.96,Very High Ice,DEMO DATA — NOT FOR REAL-WORLD NAVIGATION,2026-09-21T13:29:46.813836
-70.5,19.5,96.9,1.94,Very High Ice,DEMO DATA — NOT FOR REAL-WORLD NAVIGATION,2026-09-21T13:29:46.813836
-70.5,20.0,98.7,1.98,Very High Ice,DEMO DATA — NOT FOR REAL-WORLD NAVIGATION,2026-09-21T13:29:46.813836
-70.5,20.5,96.3,1.93,Very High Ice,DEMO DATA — NOT FOR REAL-WORLD NAVIGATION,2026-09-21T13:29:46.813836
-70.5,21.0,92.4,1.86,Very High Ice,DEMO DATA — NOT FOR REAL-WORLD NAVIGATION,2026-09-21T13:29:46.813836
-70.5,21.5,95.3,1.92,Very High Ice,DEMO DATA — NOT FOR REAL-WORLD NAVIGATION,2026-09-21T13:29:46.813836
-70.5,22.0,93.2,1.88,Very High Ice,DEMO DATA — NOT FOR REAL-WORLD NAVIGATION,2026-09-21T13:29:46.813836
-70.0,0.0,96.7,1.94,Very High Ice,DEMO DATA — NOT FOR REAL-WORLD NAVIGATION,2026-09-21T13:29:46.813836
-70.0,0.5,97.2,1.95,Very High Ice,DEMO DATA — NOT FOR REAL-WORLD NAVIGATION,2026-09-21T13:29:46.813836
-70.0,1.0,90.7,1.83,Very High Ice,DEMO DATA — NOT FOR REAL-WORLD NAVIGATION,2026-09-21T13:29:46.813836
-70.0,1.5,95.9,1.93,Very High Ice,DEMO DATA — NOT FOR REAL-WORLD NAVIGATION,2026-09-21T13:29:46.813836
-70.0,2.0,94.5,1.9,Very High Ice,DEMO DATA — NOT FOR REAL-WORLD NAVIGATION,2026-09-21T13:29:46.813836
-70.0,2.5,100.0,2.0,Very High Ice,DEMO DATA — NOT FOR REAL-WORLD NAVIGATION,2026-09-21T13:29:46.813836
-70.0,3.0,99.3,1.99,Very High Ice,DEMO DATA — NOT FOR REAL-WORLD NAVIGATION,2026-09-21T13:29:46.813836
-70.0,3.5,95.3,1.92,Very High Ice,DEMO DATA — NOT FOR REAL-WORLD NAVIGATION,2026-09-21T13:29:46.813836
-70.0,4.0,90.6,1.83,Very High Ice,DEMO DATA — NOT FOR REAL-WORLD NAVIGATION,2026-09-21T13:29:46.813836
-70.0,4.5,99.8,2.0,Very High Ice,DEMO DATA — NOT FOR REAL-WORLD NAVIGATION,2026-09-21T13:29:46.813836
-70.0,5.0,97.6,1.96,Very High Ice,DEMO DATA — NOT FOR REAL-WORLD NAVIGATION,2026-09-21T13:29:46.813836
-70.0,5.5,93.3,1.88,Very High Ice,DEMO DATA — NOT FOR REAL-WORLD NAVIGATION,2026-09-21T13:29:46.813836
-70.0,6.0,97.2,1.95,Very High Ice,DEMO DATA — NOT FOR REAL-WORLD NAVIGATION,2026-09-21T13:29:46.813836
-70.0,6.5,92.7,1.87,Very High Ice,DEMO DATA — NOT FOR REAL-WORLD NAVIGATION,2026-09-21T13:29:46.813836
-70.0,7.0,98.3,1.97,Very High Ice,DEMO DATA — NOT FOR REAL-WORLD NAVIGATION,2026-09-21T13:29:46.813836
-70.0,7.5,100.0,2.0,Very High Ice,DEMO DATA — NOT FOR REAL-WORLD NAVIGATION,2026-09-21T13:29:46.813836
-70.0,8.0,95.8,1.92,Very High Ice,DEMO DATA — NOT FOR REAL-WORLD NAVIGATION,2026-09-21T13:29:46.813836
-70.0,8.5,93.6,1.89,Very High Ice,DEMO DATA — NOT FOR REAL-WORLD NAVIGATION,2026-09-21T13:29:46.813836
-70.0,9.0,97.0,1.95,Very High Ice,DEMO DATA — NOT FOR REAL-WORLD NAVIGATION,2026-09-21T13:29:46.813836
-70.0,9.5,92.7,1.87,Very High Ice,DEMO DATA — NOT FOR REAL-WORLD NAVIGATION,2026-09-21T13:29:46.813836
-70.0,10.0,93.2,1.88,Very High Ice,DEMO DATA — NOT FOR REAL-WORLD NAVIGATION,2026-09-21T13:29:46.813836
-70.0,10.5,86.2,1.75,High Ice,DEMO DATA — NOT FOR REAL-WORLD NAVIGATION,2026-09-21T13:29:46.813836
-70.0,11.0,85.9,1.75,High Ice,DEMO DATA — NOT FOR REAL-WORLD NAVIGATION,2026-09-21T13:29:46.813836
-70.0,11.5,80.9,1.66,High Ice,DEMO DATA — NOT FOR REAL-WORLD NAVIGATION,2026-09-21T13:29:46.813836
-70.0,12.0,79.6,1.63,High Ice,DEMO DATA — NOT FOR REAL-WORLD NAVIGATION,2026-09-21T13:29:46.813836
-70.0,12.5,90.1,1.82,Very High Ice,DEMO DATA — NOT FOR REAL-WORLD NAVIGATION,2026-09-21T13:29:46.813836
-70.0,13.0,89.9,1.82,High Ice,DEMO DATA — NOT FOR REAL-WORLD NAVIGATION,2026-09-21T13:29:46.813836
-70.0,13.5,91.4,1.84,Very High Ice,DEMO DATA — NOT FOR REAL-WORLD NAVIGATION,2026-09-21T13:29:46.813836
-70.0,14.0,96.9,1.94,Very High Ice,DEMO DATA — NOT FOR REAL-WORLD NAVIGATION,2026-09-21T13:29:46.813836
-70.0,14.5,97.4,1.95,Very High Ice,DEMO DATA — NOT FOR REAL-WORLD NAVIGATION,2026-09-21T13:29:46.813836
-70.0,15.0,97.4,1.95,Very High Ice,DEMO DATA — NOT FOR REAL-WORLD NAVIGATION,2026-09-21T13:29:46.813836
-70.0,15.5,94.9,1.91,Very High Ice,DEMO DATA — NOT FOR REAL-WORLD NAVIGATION,2026-09-21T13:29:46.813836
-70.0,16.0,87.3,1.77,High Ice,DEMO DATA — NOT FOR REAL-WORLD NAVIGATION,2026-09-21T13:29:46.813836
-70.0,16.5,96.7,1.94,Very High Ice,DEMO DATA — NOT FOR REAL-WORLD NAVIGATION,2026-09-21T13:29:46.813836
-70.0,17.0,98.4,1.97,Very High Ice,DEMO DATA — NOT FOR REAL-WORLD NAVIGATION,2026-09-21T13:29:46.813836
-70.0,17.5,100.0,2.0,Very High Ice,DEMO DATA — NOT FOR REAL-WORLD NAVIGATION,2026-09-21T13:29:46.813836
-70.0,18.0,94.1,1.89,Very High Ice,DEMO DATA — NOT FOR REAL-WORLD NAVIGATION,2026-09-21T13:29:46.813836
-70.0,18.5,91.5,1.85,Very High Ice,DEMO DATA — NOT FOR REAL-WORLD NAVIGATION,2026-09-21T13:29:46.813836
-70.0,19.0,96.2,1.93,Very High Ice,DEMO DATA — NOT FOR REAL-WORLD NAVIGATION,2026-09-21T13:29:46.813836
-70.0,19.5,98.5,1.97,Very High Ice,DEMO DATA — NOT FOR REAL-WORLD NAVIGATION,2026-09-21T13:29:46.813836
-70.0,20.0,95.2,1.91,Very High Ice,DEMO DATA — NOT FOR REAL-WORLD NAVIGATION,2026-09-21T13:29:46.813836
-70.0,20.5,100.0,2.0,Very High Ice,DEMO DATA — NOT FOR REAL-WORLD NAVIGATION,2026-09-21T13:29:46.813836
-70.0,21.0,94.2,1.9,Very High Ice,DEMO DATA — NOT FOR REAL-WORLD NAVIGATION,2026-09-21T13:29:46.813836
-70.0,21.5,99.8,2.0,Very High Ice,DEMO DATA — NOT FOR REAL-WORLD NAVIGATION,2026-09-21T13:29:46.813836
-70.0,22.0,98.2,1.97,Very High Ice,DEMO DATA — NOT FOR REAL-WORLD NAVIGATION,2026-09-21T13:29:46.813836
-69.5,0.0,99.6,1.99,Very High Ice,DEMO DATA — NOT FOR REAL-WORLD NAVIGATION,2026-09-21T13:29:46.813836
-69.5,0.5,100.0,2.0,Very High Ice,DEMO DATA — NOT FOR REAL-WORLD NAVIGATION,2026-09-21T13:29:46.813836
-69.5,1.0,93.1,1.88,Very High Ice,DEMO DATA — NOT FOR REAL-WORLD NAVIGATION,2026-09-21T13:29:46.813836
-69.5,1.5,95.0,1.91,Very High Ice,DEMO DATA — NOT FOR REAL-WORLD NAVIGATION,2026-09-21T13:29:46.813836
-69.5,2.0,93.1,1.88,Very High Ice,DEMO DATA — NOT FOR REAL-WORLD NAVIGATION,2026-09-21T13:29:46.813836
-69.5,2.5,98.3,1.97,Very High Ice,DEMO DATA — NOT FOR REAL-WORLD NAVIGATION,2026-09-21T13:29:46.813836
-69.5,3.0,91.4,1.85,Very High Ice,DEMO DATA — NOT FOR REAL-WORLD NAVIGATION,2026-09-21T13:29:46.813836
-69.5,3.5,94.9,1.91,Very High Ice,DEMO DATA — NOT FOR REAL-WORLD NAVIGATION,2026-09-21T13:29:46.813836
-69.5,4.0,92.8,1.87,Very High Ice,DEMO DATA — NOT FOR REAL-WORLD NAVIGATION,2026-09-21T13:29:46.813836
-69.5,4.5,97.5,1.95,Very High Ice,DEMO DATA — NOT FOR REAL-WORLD NAVIGATION,2026-09-21T13:29:46.813836
-69.5,5.0,99.3,1.99,Very High Ice,DEMO DATA — NOT FOR REAL-WORLD NAVIGATION,2026-09-21T13:29:46.813836
-69.5,5.5,92.7,1.87,Very High Ice,DEMO DATA — NOT FOR REAL-WORLD NAVIGATION,2026-09-21T13:29:46.813836
-69.5,6.0,94.0,1.89,Very High Ice,DEMO DATA — NOT FOR REAL-WORLD NAVIGATION,2026-09-21T13:29:46.813836
-69.5,6.5,91.6,1.85,Very High Ice,DEMO DATA — NOT FOR REAL-WORLD NAVIGATION,2026-09-21T13:29:46.813836
-69.5,7.0,95.8,1.92,Very High Ice,DEMO DATA — NOT FOR REAL-WORLD NAVIGATION,2026-09-21T13:29:46.813836
-69.5,7.5,91.5,1.85,Very High Ice,DEMO DATA — NOT FOR REAL-WORLD NAVIGATION,2026-09-21T13:29:46.813836
-69.5,8.0,92.0,1.86,Very High Ice,DEMO DATA — NOT FOR REAL-WORLD NAVIGATION,2026-09-21T13:29:46.813836
-69.5,8.5,90.4,1.83,Very High Ice,DEMO DATA — NOT FOR REAL-WORLD NAVIGATION,2026-09-21T13:29:46.813836
-69.5,9.0,98.9,1.98,Very High Ice,DEMO DATA — NOT FOR REAL-WORLD NAVIGATION,2026-09-21T13:29:46.813836
-69.5,9.5,99.7,1.99,Very High Ice,DEMO DATA — NOT FOR REAL-WORLD NAVIGATION,2026-09-21T13:29:46.813836
-69.5,10.0,90.1,1.82,Very High Ice,DEMO DATA — NOT FOR REAL-WORLD NAVIGATION,2026-09-21T13:29:46.813836
-69.5,10.5,91.8,1.85,Very High Ice,DEMO DATA — NOT FOR REAL-WORLD NAVIGATION,2026-09-21T13:29:46.813836
-69.5,11.0,72.1,1.5,High Ice,DEMO DATA — NOT FOR REAL-WORLD NAVIGATION,2026-09-21T13:29:46.813836
-69.5,11.5,76.7,1.58,High Ice,DEMO DATA — NOT FOR REAL-WORLD NAVIGATION,2026-09-21T13:29:46.813836
-69.5,12.0,79.5,1.63,High Ice,DEMO DATA — NOT FOR REAL-WORLD NAVIGATION,2026-09-21T13:29:46.813836
-69.5,12.5,90.1,1.82,Very High Ice,DEMO DATA — NOT FOR REAL-WORLD NAVIGATION,2026-09-21T13:29:46.813836
-69.5,13.0,95.2,1.91,Very High Ice,DEMO DATA — NOT FOR REAL-WORLD NAVIGATION,2026-09-21T13:29:46.813836
-69.5,13.5,89.2,1.81,High Ice,DEMO DATA — NOT FOR REAL-WORLD NAVIGATION,2026-09-21T13:29:46.813836
-69.5,14.0,93.4,1.88,Very High Ice,DEMO DATA — NOT FOR REAL-WORLD NAVIGATION,2026-09-21T13:29:46.813836
-69.5,14.5,98.1,1.97,Very High Ice,DEMO DATA — NOT FOR REAL-WORLD NAVIGATION,2026-09-21T13:29:46.813836
-69.5,15.0,92.7,1.87,Very High Ice,DEMO DATA — NOT FOR REAL-WORLD NAVIGATION,2026-09-21T13:29:46.813836
-69.5,15.5,97.5,1.95,Very High Ice,DEMO DATA — NOT FOR REAL-WORLD NAVIGATION,2026-09-21T13:29:46.813836
-69.5,16.0,92.1,1.86,Very High Ice,DEMO DATA — NOT FOR REAL-WORLD NAVIGATION,2026-09-21T13:29:46.813836
-69.5,16.5,85.0,1.73,High Ice,DEMO DATA — NOT FOR REAL-WORLD NAVIGATION,2026-09-21T13:29:46.813836
-69.5,17.0,99.0,1.98,Very High Ice,DEMO DATA — NOT FOR REAL-WORLD NAVIGATION,2026-09-21T13:29:46.813836
-69.5,17.5,96.3,1.93,Very High Ice,DEMO DATA — NOT FOR REAL-WORLD NAVIGATION,2026-09-21T13:29:46.813836
-69.5,18.0,94.7,1.9,Very High Ice,DEMO DATA — NOT FOR REAL-WORLD NAVIGATION,2026-09-21T13:29:46.813836
-69.5,18.5,96.5,1.94,Very High Ice,DEMO DATA — NOT FOR REAL-WORLD NAVIGATION,2026-09-21T13:29:46.813836
-69.5,19.0,93.1,1.88,Very High Ice,DEMO DATA — NOT FOR REAL-WORLD NAVIGATION,2026-09-21T13:29:46.813836
-69.5,19.5,93.6,1.89,Very High Ice,DEMO DATA — NOT FOR REAL-WORLD NAVIGATION,2026-09-21T13:29:46.813836
-69.5,20.0,93.0,1.87,Very High Ice,DEMO DATA — NOT FOR REAL-WORLD NAVIGATION,2026-09-21T13:29:46.813836
-69.5,20.5,100.0,2.0,Very High Ice,DEMO DATA — NOT FOR REAL-WORLD NAVIGATION,2026-09-21T13:29:46.813836
-69.5,21.0,94.8,1.91,Very High Ice,DEMO DATA — NOT FOR REAL-WORLD NAVIGATION,2026-09-21T13:29:46.813836
-69.5,21.5,100.0,2.0,Very High Ice,DEMO DATA — NOT FOR REAL-WORLD NAVIGATION,2026-09-21T13:29:46.813836
-69.5,22.0,91.0,1.84,Very High Ice,DEMO DATA — NOT FOR REAL-WORLD NAVIGATION,2026-09-21T13:29:46.813836
-69.0,0.0,88.5,1.79,High Ice,DEMO DATA — NOT FOR REAL-WORLD NAVIGATION,2026-09-21T13:29:46.813836
-69.0,0.5,94.2,1.9,Very High Ice,DEMO DATA — NOT FOR REAL-WORLD NAVIGATION,2026-09-21T13:29:46.813836
-69.0,1.0,97.0,1.95,Very High Ice,DEMO DATA — NOT FOR REAL-WORLD NAVIGATION,2026-09-21T13:29:46.813836
-69.0,1.5,90.7,1.83,Very High Ice,DEMO DATA — NOT FOR REAL-WORLD NAVIGATION,2026-09-21T13:29:46.813836
-69.0,2.0,91.7,1.85,Very High Ice,DEMO DATA — NOT FOR REAL-WORLD NAVIGATION,2026-09-21T13:29:46.813836
-69.0,2.5,95.2,1.91,Very High Ice,DEMO DATA — NOT FOR REAL-WORLD NAVIGATION,2026-09-21T13:29:46.813836
-69.0,3.0,92.8,1.87,Very High Ice,DEMO DATA — NOT FOR REAL-WORLD NAVIGATION,2026-09-21T13:29:46.813836
-69.0,3.5,94.1,1.89,Very High Ice,DEMO DATA — NOT FOR REAL-WORLD NAVIGATION,2026-09-21T13:29:46.813836
-69.0,4.0,85.5,1.74,High Ice,DEMO DATA — NOT FOR REAL-WORLD NAVIGATION,2026-09-21T13:29:46.813836
-69.0,4.5,92.7,1.87,Very High Ice,DEMO DATA — NOT FOR REAL-WORLD NAVIGATION,2026-09-21T13:29:46.813836
-69.0,5.0,94.6,1.9,Very High Ice,DEMO DATA — NOT FOR REAL-WORLD NAVIGATION,2026-09-21T13:29:46.813836
-69.0,5.5,93.0,1.87,Very High Ice,DEMO DATA — NOT FOR REAL-WORLD NAVIGATION,2026-09-21T13:29:46.813836
-69.0,6.0,93.9,1.89,Very High Ice,DEMO DATA — NOT FOR REAL-WORLD NAVIGATION,2026-09-21T13:29:46.813836
-69.0,6.5,93.3,1.88,Very High Ice,DEMO DATA — NOT FOR REAL-WORLD NAVIGATION,2026-09-21T13:29:46.813836
-69.0,7.0,97.6,1.96,Very High Ice,DEMO DATA — NOT FOR REAL-WORLD NAVIGATION,2026-09-21T13:29:46.813836
-69.0,7.5,93.9,1.89,Very High Ice,DEMO DATA — NOT FOR REAL-WORLD NAVIGATION,2026-09-21T13:29:46.813836
-69.0,8.0,92.4,1.86,Very High Ice,DEMO DATA — NOT FOR REAL-WORLD NAVIGATION,2026-09-21T13:29:46.813836
-69.0,8.5,90.3,1.82,Very High Ice,DEMO DATA — NOT FOR REAL-WORLD NAVIGATION,2026-09-21T13:29:46.813836
-69.0,9.0,95.2,1.91,Very High Ice,DEMO DATA — NOT FOR REAL-WORLD NAVIGATION,2026-09-21T13:29:46.813836
-69.0,9.5,93.0,1.87,Very High Ice,DEMO DATA — NOT FOR REAL-WORLD NAVIGATION,2026-09-21T13:29:46.813836
-69.0,10.0,87.9,1.78,High Ice,DEMO DATA — NOT FOR REAL-WORLD NAVIGATION,2026-09-21T13:29:46.813836
-69.0,10.5,88.1,1.79,High Ice,DEMO DATA — NOT FOR REAL-WORLD NAVIGATION,2026-09-21T13:29:46.813836
-69.0,11.0,85.9,1.75,High Ice,DEMO DATA — NOT FOR REAL-WORLD NAVIGATION,2026-09-21T13:29:46.813836
-69.0,11.5,82.6,1.69,High Ice,DEMO DATA — NOT FOR REAL-WORLD NAVIGATION,2026-09-21T13:29:46.813836
-69.0,12.0,83.4,1.7,High Ice,DEMO DATA — NOT FOR REAL-WORLD NAVIGATION,2026-09-21T13:29:46.813836
-69.0,12.5,87.7,1.78,High Ice,DEMO DATA — NOT FOR REAL-WORLD NAVIGATION,2026-09-21T13:29:46.813836
-69.0,13.0,91.5,1.85,Very High Ice,DEMO DATA — NOT FOR REAL-WORLD NAVIGATION,2026-09-21T13:29:46.813836
-69.0,13.5,90.9,1.84,Very High Ice,DEMO DATA — NOT FOR REAL-WORLD NAVIGATION,2026-09-21T13:29:46.813836
-69.0,14.0,91.4,1.85,Very High Ice,DEMO DATA — NOT FOR REAL-WORLD NAVIGATION,2026-09-21T13:29:46.813836
-69.0,14.5,95.1,1.91,Very High Ice,DEMO DATA — NOT FOR REAL-WORLD NAVIGATION,2026-09-21T13:29:46.813836
-69.0,15.0,100.0,2.0,Very High Ice,DEMO DATA — NOT FOR REAL-WORLD NAVIGATION,2026-09-21T13:29:46.813836
-69.0,15.5,100.0,2.0,Very High Ice,DEMO DATA — NOT FOR REAL-WORLD NAVIGATION,2026-09-21T13:29:46.813836
-69.0,16.0,90.2,1.82,Very High Ice,DEMO DATA — NOT FOR REAL-WORLD NAVIGATION,2026-09-21T13:29:46.813836
-69.0,16.5,91.1,1.84,Very High Ice,DEMO DATA — NOT FOR REAL-WORLD NAVIGATION,2026-09-21T13:29:46.813836
-69.0,17.0,90.2,1.82,Very High Ice,DEMO DATA — NOT FOR REAL-WORLD NAVIGATION,2026-09-21T13:29:46.813836
-69.0,17.5,96.2,1.93,Very High Ice,DEMO DATA — NOT FOR REAL-WORLD NAVIGATION,2026-09-21T13:29:46.813836
-69.0,18.0,85.9,1.75,High Ice,DEMO DATA — NOT FOR REAL-WORLD NAVIGATION,2026-09-21T13:29:46.813836
-69.0,18.5,97.9,1.96,Very High Ice,DEMO DATA — NOT FOR REAL-WORLD NAVIGATION,2026-09-21T13:29:46.813836
-69.0,19.0,92.7,1.87,Very High Ice,DEMO DATA — NOT FOR REAL-WORLD NAVIGATION,2026-09-21T13:29:46.813836
-69.0,19.5,92.9,1.87,Very High Ice,DEMO DATA — NOT FOR REAL-WORLD NAVIGATION,2026-09-21T13:29:46.813836
-69.0,20.0,97.2,1.95,Very High Ice,DEMO DATA — NOT FOR REAL-WORLD NAVIGATION,2026-09-21T13:29:46.813836
-69.0,20.5,96.0,1.93,Very High Ice,DEMO DATA — NOT FOR REAL-WORLD NAVIGATION,2026-09-21T13:29:46.813836
-69.0,21.0,92.9,1.87,Very High Ice,DEMO DATA — NOT FOR REAL-WORLD NAVIGATION,2026-09-21T13:29:46.813836
-69.0,21.5,90.7,1.83,Very High Ice,DEMO DATA — NOT FOR REAL-WORLD NAVIGATION,2026-09-21T13:29:46.813836
-69.0,22.0,92.3,1.86,Very High Ice,DEMO DATA — NOT FOR REAL-WORLD NAVIGATION,2026-09-21T13:29:46.813836
-68.5,0.0,96.2,1.93,Very High Ice,DEMO DATA — NOT FOR REAL-WORLD NAVIGATION,2026-09-21T13:29:46.813836
-68.5,0.5,93.6,1.89,Very High Ice,DEMO DATA — NOT FOR REAL-WORLD NAVIGATION,2026-09-21T13:29:46.813836
-68.5,1.0,93.9,1.89,Very High Ice,DEMO DATA — NOT FOR REAL-WORLD NAVIGATION,2026-09-21T13:29:46.813836
-68.5,1.5,88.4,1.79,High Ice,DEMO DATA — NOT FOR REAL-WORLD NAVIGATION,2026-09-21T13:29:46.813836
-68.5,2.0,97.8,1.96,Very High Ice,DEMO DATA — NOT FOR REAL-WORLD NAVIGATION,2026-09-21T13:29:46.813836
-68.5,2.5,90.3,1.83,Very High Ice,DEMO DATA — NOT FOR REAL-WORLD NAVIGATION,2026-09-21T13:29:46.813836
-68.5,3.0,95.3,1.92,Very High Ice,DEMO DATA — NOT FOR REAL-WORLD NAVIGATION,2026-09-21T13:29:46.813836
-68.5,3.5,92.8,1.87,Very High Ice,DEMO DATA — NOT FOR REAL-WORLD NAVIGATION,2026-09-21T13:29:46.813836
-68.5,4.0,91.5,1.85,Very High Ice,DEMO DATA — NOT FOR REAL-WORLD NAVIGATION,2026-09-21T13:29:46.813836
-68.5,4.5,89.7,1.81,High Ice,DEMO DATA — NOT FOR REAL-WORLD NAVIGATION,2026-09-21T13:29:46.813836
-68.5,5.0,89.9,1.82,High Ice,DEMO DATA — NOT FOR REAL-WORLD NAVIGATION,2026-09-21T13:29:46.813836
-68.5,5.5,97.2,1.95,Very High Ice,DEMO DATA — NOT FOR REAL-WORLD NAVIGATION,2026-09-21T13:29:46.813836
-68.5,6.0,93.8,1.89,Very High Ice,DEMO DATA — NOT FOR REAL-WORLD NAVIGATION,2026-09-21T13:29:46.813836
-68.5,6.5,100.0,2.0,Very High Ice,DEMO DATA — NOT FOR REAL-WORLD NAVIGATION,2026-09-21T13:29:46.813836
-68.5,7.0,91.2,1.84,Very High Ice,DEMO DATA — NOT FOR REAL-WORLD NAVIGATION,2026-09-21T13:29:46.813836
-68.5,7.5,91.7,1.85,Very High Ice,DEMO DATA — NOT FOR REAL-WORLD NAVIGATION,2026-09-21T13:29:46.813836
-68.5,8.0,91.7,1.85,Very High Ice,DEMO DATA — NOT FOR REAL-WORLD NAVIGATION,2026-09-21T13:29:46.813836
-68.5,8.5,88.7,1.8,High Ice,DEMO DATA — NOT FOR REAL-WORLD NAVIGATION,2026-09-21T13:29:46.813836
-68.5,9.0,94.2,1.89,Very High Ice,DEMO DATA — NOT FOR REAL-WORLD NAVIGATION,2026-09-21T13:29:46.813836
-68.5,9.5,94.4,1.9,Very High Ice,DEMO DATA — NOT FOR REAL-WORLD NAVIGATION,2026-09-21T13:29:46.813836
-68.5,10.0,86.7,1.76,High Ice,DEMO DATA — NOT FOR REAL-WORLD NAVIGATION,2026-09-21T13:29:46.813836
-68.5,10.5,83.9,1.71,High Ice,DEMO DATA — NOT FOR REAL-WORLD NAVIGATION,2026-09-21T13:29:46.813836
-68.5,11.0,86.3,1.75,High Ice,DEMO DATA — NOT FOR REAL-WORLD NAVIGATION,2026-09-21T13:29:46.813836
-68.5,11.5,80.5,1.65,High Ice,DEMO DATA — NOT FOR REAL-WORLD NAVIGATION,2026-09-21T13:29:46.813836
-68.5,12.0,86.0,1.75,High Ice,DEMO DATA — NOT FOR REAL-WORLD NAVIGATION,2026-09-21T13:29:46.813836
-68.5,12.5,83.6,1.7,High Ice,DEMO DATA — NOT FOR REAL-WORLD NAVIGATION,2026-09-21T13:29:46.813836
-68.5,13.0,84.7,1.72,High Ice,DEMO DATA — NOT FOR REAL-WORLD NAVIGATION,2026-09-21T13:29:46.813836
-68.5,13.5,94.9,1.91,Very High Ice,DEMO DATA — NOT FOR REAL-WORLD NAVIGATION,2026-09-21T13:29:46.813836
-68.5,14.0,90.1,1.82,Very High Ice,DEMO DATA — NOT FOR REAL-WORLD NAVIGATION,2026-09-21T13:29:46.813836
-68.5,14.5,93.5,1.88,Very High Ice,DEMO DATA — NOT FOR REAL-WORLD NAVIGATION,2026-09-21T13:29:46.813836
-68.5,15.0,89.1,1.8,High Ice,DEMO DATA — NOT FOR REAL-WORLD NAVIGATION,2026-09-21T13:29:46.813836
-68.5,15.5,100.0,2.0,Very High Ice,DEMO DATA — NOT FOR REAL-WORLD NAVIGATION,2026-09-21T13:29:46.813836
-68.5,16.0,93.8,1.89,Very High Ice,DEMO DATA — NOT FOR REAL-WORLD NAVIGATION,2026-09-21T13:29:46.813836
-68.5,16.5,85.5,1.74,High Ice,DEMO DATA — NOT FOR REAL-WORLD NAVIGATION,2026-09-21T13:29:46.813836
-68.5,17.0,89.2,1.81,High Ice,DEMO DATA — NOT FOR REAL-WORLD NAVIGATION,2026-09-21T13:29:46.813836
-68.5,17.5,86.6,1.76,High Ice,DEMO DATA — NOT FOR REAL-WORLD NAVIGATION,2026-09-21T13:29:46.813836
-68.5,18.0,96.8,1.94,Very High Ice,DEMO DATA — NOT FOR REAL-WORLD NAVIGATION,2026-09-21T13:29:46.813836
-68.5,18.5,92.2,1.86,Very High Ice,DEMO DATA — NOT FOR REAL-WORLD NAVIGATION,2026-09-21T13:29:46.813836
-68.5,19.0,99.5,1.99,Very High Ice,DEMO DATA — NOT FOR REAL-WORLD NAVIGATION,2026-09-21T13:29:46.813836
-68.5,19.5,89.7,1.82,High Ice,DEMO DATA — NOT FOR REAL-WORLD NAVIGATION,2026-09-21T13:29:46.813836
-68.5,20.0,88.3,1.79,High Ice,DEMO DATA — NOT FOR REAL-WORLD NAVIGATION,2026-09-21T13:29:46.813836
-68.5,20.5,91.2,1.84,Very High Ice,DEMO DATA — NOT FOR REAL-WORLD NAVIGATION,2026-09-21T13:29:46.813836
-68.5,21.0,86.9,1.76,High Ice,DEMO DATA — NOT FOR REAL-WORLD NAVIGATION,2026-09-21T13:29:46.813836
-68.5,21.5,95.8,1.92,Very High Ice,DEMO DATA — NOT FOR REAL-WORLD NAVIGATION,2026-09-21T13:29:46.813836
-68.5,22.0,90.9,1.84,Very High Ice,DEMO DATA — NOT FOR REAL-WORLD NAVIGATION,2026-09-21T13:29:46.813836
-68.0,0.0,93.4,1.88,Very High Ice,DEMO DATA — NOT FOR REAL-WORLD NAVIGATION,2026-09-21T13:29:46.813836
-68.0,0.5,96.6,1.94,Very High Ice,DEMO DATA — NOT FOR REAL-WORLD NAVIGATION,2026-09-21T13:29:46.813836
-68.0,1.0,92.4,1.86,Very High Ice,DEMO DATA — NOT FOR REAL-WORLD NAVIGATION,2026-09-21T13:29:46.813836
-68.0,1.5,90.8,1.83,Very High Ice,DEMO DATA — NOT FOR REAL-WORLD NAVIGATION,2026-09-21T13:29:46.813836
-68.0,2.0,95.3,1.92,Very High Ice,DEMO DATA — NOT FOR REAL-WORLD NAVIGATION,2026-09-21T13:29:46.813836
-68.0,2.5,86.0,1.75,High Ice,DEMO DATA — NOT FOR REAL-WORLD NAVIGATION,2026-09-21T13:29:46.813836
-68.0,3.0,97.8,1.96,Very High Ice,DEMO DATA — NOT FOR REAL-WORLD NAVIGATION,2026-09-21T13:29:46.813836
-68.0,3.5,90.3,1.83,Very High Ice,DEMO DATA — NOT FOR REAL-WORLD NAVIGATION,2026-09-21T13:29:46.813836
-68.0,4.0,90.2,1.82,Very High Ice,DEMO DATA — NOT FOR REAL-WORLD NAVIGATION,2026-09-21T13:29:46.813836
-68.0,4.5,89.8,1.82,High Ice,DEMO DATA — NOT FOR REAL-WORLD NAVIGATION,2026-09-21T13:29:46.813836
-68.0,5.0,92.7,1.87,Very High Ice,DEMO DATA — NOT FOR REAL-WORLD NAVIGATION,2026-09-21T13:29:46.813836
-68.0,5.5,92.4,1.86,Very High Ice,DEMO DATA — NOT FOR REAL-WORLD NAVIGATION,2026-09-21T13:29:46.813836
-68.0,6.0,91.5,1.85,Very High Ice,DEMO DATA — NOT FOR REAL-WORLD NAVIGATION,2026-09-21T13:29:46.813836
-68.0,6.5,89.9,1.82,High Ice,DEMO DATA — NOT FOR REAL-WORLD NAVIGATION,2026-09-21T13:29:46.813836
-68.0,7.0,93.1,1.88,Very High Ice,DEMO DATA — NOT FOR REAL-WORLD NAVIGATION,2026-09-21T13:29:46.813836
-68.0,7.5,89.0,1.8,High Ice,DEMO DATA — NOT FOR REAL-WORLD NAVIGATION,2026-09-21T13:29:46.813836
-68.0,8.0,89.2,1.81,High Ice,DEMO DATA — NOT FOR REAL-WORLD NAVIGATION,2026-09-21T13:29:46.813836
-68.0,8.5,91.5,1.85,Very High Ice,DEMO DATA — NOT FOR REAL-WORLD NAVIGATION,2026-09-21T13:29:46.813836
-68.0,9.0,88.2,1.79,High Ice,DEMO DATA — NOT FOR REAL-WORLD NAVIGATION,2026-09-21T13:29:46.813836
-68.0,9.5,90.7,1.83,Very High Ice,DEMO DATA — NOT FOR REAL-WORLD NAVIGATION,2026-09-21T13:29:46.813836
-68.0,10.0,87.3,1.77,High Ice,DEMO DATA — NOT FOR REAL-WORLD NAVIGATION,2026-09-21T13:29:46.813836
-68.0,10.5,92.4,1.86,Very High Ice,DEMO DATA — NOT FOR REAL-WORLD NAVIGATION,2026-09-21T13:29:46.813836
-68.0,11.0,87.6,1.78,High Ice,DEMO DATA — NOT FOR REAL-WORLD NAVIGATION,2026-09-21T13:29:46.813836
-68.0,11.5,83.5,1.7,High Ice,DEMO DATA — NOT FOR REAL-WORLD NAVIGATION,2026-09-21T13:29:46.813836
-68.0,12.0,89.3,1.81,High Ice,DEMO DATA — NOT FOR REAL-WORLD NAVIGATION,2026-09-21T13:29:46.813836
-68.0,12.5,93.1,1.88,Very High Ice,DEMO DATA — NOT FOR REAL-WORLD NAVIGATION,2026-09-21T13:29:46.813836
-68.0,13.0,90.6,1.83,Very High Ice,DEMO DATA — NOT FOR REAL-WORLD NAVIGATION,2026-09-21T13:29:46.813836
-68.0,13.5,94.0,1.89,Very High Ice,DEMO DATA — NOT FOR REAL-WORLD NAVIGATION,2026-09-21T13:29:46.813836
-68.0,14.0,87.4,1.77,High Ice,DEMO DATA — NOT FOR REAL-WORLD NAVIGATION,2026-09-21T13:29:46.813836
-68.0,14.5,89.3,1.81,High Ice,DEMO DATA — NOT FOR REAL-WORLD NAVIGATION,2026-09-21T13:29:46.813836
-68.0,15.0,89.0,1.8,High Ice,DEMO DATA — NOT FOR REAL-WORLD NAVIGATION,2026-09-21T13:29:46.813836
-68.0,15.5,91.8,1.85,Very High Ice,DEMO DATA — NOT FOR REAL-WORLD NAVIGATION,2026-09-21T13:29:46.813836
-68.0,16.0,91.8,1.85,Very High Ice,DEMO DATA — NOT FOR REAL-WORLD NAVIGATION,2026-09-21T13:29:46.813836
-68.0,16.5,92.4,1.86,Very High Ice,DEMO DATA — NOT FOR REAL-WORLD NAVIGATION,2026-09-21T13:29:46.813836
-68.0,17.0,96.8,1.94,Very High Ice,DEMO DATA — NOT FOR REAL-WORLD NAVIGATION,2026-09-21T13:29:46.813836
-68.0,17.5,94.7,1.91,Very High Ice,DEMO DATA — NOT FOR REAL-WORLD NAVIGATION,2026-09-21T13:29:46.813836
-68.0,18.0,88.9,1.8,High Ice,DEMO DATA — NOT FOR REAL-WORLD NAVIGATION,2026-09-21T13:29:46.813836
-68.0,18.5,93.2,1.88,Very High Ice,DEMO DATA — NOT FOR REAL-WORLD NAVIGATION,2026-09-21T13:29:46.813836
-68.0,19.0,95.4,1.92,Very High Ice,DEMO DATA — NOT FOR REAL-WORLD NAVIGATION,2026-09-21T13:29:46.813836
-68.0,19.5,88.4,1.79,High Ice,DEMO DATA — NOT FOR REAL-WORLD NAVIGATION,2026-09-21T13:29:46.813836
-68.0,20.0,91.1,1.84,Very High Ice,DEMO DATA — NOT FOR REAL-WORLD NAVIGATION,2026-09-21T13:29:46.813836
-68.0,20.5,96.7,1.94,Very High Ice,DEMO DATA — NOT FOR REAL-WORLD NAVIGATION,2026-09-21T13:29:46.813836
-68.0,21.0,84.5,1.72,High Ice,DEMO DATA — NOT FOR REAL-WORLD NAVIGATION,2026-09-21T13:29:46.813836
-68.0,21.5,87.5,1.77,High Ice,DEMO DATA — NOT FOR REAL-WORLD NAVIGATION,2026-09-21T13:29:46.813836
-68.0,22.0,89.9,1.82,High Ice,DEMO DATA — NOT FOR REAL-WORLD NAVIGATION,2026-09-21T13:29:46.813836
-67.5,0.0,96.3,1.93,Very High Ice,DEMO DATA — NOT FOR REAL-WORLD NAVIGATION,2026-09-21T13:29:46.813836
-67.5,0.5,97.0,1.95,Very High Ice,DEMO DATA — NOT FOR REAL-WORLD NAVIGATION,2026-09-21T13:29:46.813836
-67.5,1.0,89.1,1.8,High Ice,DEMO DATA — NOT FOR REAL-WORLD NAVIGATION,2026-09-21T13:29:46.813836
-67.5,1.5,88.1,1.79,High Ice,DEMO DATA — NOT FOR REAL-WORLD NAVIGATION,2026-09-21T13:29:46.813836
-67.5,2.0,89.2,1.8,High Ice,DEMO DATA — NOT FOR REAL-WORLD NAVIGATION,2026-09-21T13:29:46.813836
-67.5,2.5,88.4,1.79,High Ice,DEMO DATA — NOT FOR REAL-WORLD NAVIGATION,2026-09-21T13:29:46.813836
-67.5,3.0,89.1,1.8,High Ice,DEMO DATA — NOT FOR REAL-WORLD NAVIGATION,2026-09-21T13:29:46.813836
-67.5,3.5,86.4,1.76,High Ice,DEMO DATA — NOT FOR REAL-WORLD NAVIGATION,2026-09-21T13:29:46.813836
-67.5,4.0,89.2,1.81,High Ice,DEMO DATA — NOT FOR REAL-WORLD NAVIGATION,2026-09-21T13:29:46.813836
-67.5,4.5,88.0,1.78,High Ice,DEMO DATA — NOT FOR REAL-WORLD NAVIGATION,2026-09-21T13:29:46.813836
-67.5,5.0,84.5,1.72,High Ice,DEMO DATA — NOT FOR REAL-WORLD NAVIGATION,2026-09-21T13:29:46.813836
-67.5,5.5,91.3,1.84,Very High Ice,DEMO DATA — NOT FOR REAL-WORLD NAVIGATION,2026-09-21T13:29:46.813836
-67.5,6.0,90.4,1.83,Very High Ice,DEMO DATA — NOT FOR REAL-WORLD NAVIGATION,2026-09-21T13:29:46.813836
-67.5,6.5,94.2,1.9,Very High Ice,DEMO DATA — NOT FOR REAL-WORLD NAVIGATION,2026-09-21T13:29:46.813836
-67.5,7.0,87.9,1.78,High Ice,DEMO DATA — NOT FOR REAL-WORLD NAVIGATION,2026-09-21T13:29:46.813836
-67.5,7.5,89.4,1.81,High Ice,DEMO DATA — NOT FOR REAL-WORLD NAVIGATION,2026-09-21T13:29:46.813836
-67.5,8.0,89.0,1.8,High Ice,DEMO DATA — NOT FOR REAL-WORLD NAVIGATION,2026-09-21T13:29:46.813836
-67.5,8.5,90.1,1.82,Very High Ice,DEMO DATA — NOT FOR REAL-WORLD NAVIGATION,2026-09-21T13:29:46.813836
-67.5,9.0,87.6,1.78,High Ice,DEMO DATA — NOT FOR REAL-WORLD NAVIGATION,2026-09-21T13:29:46.813836
-67.5,9.5,93.0,1.87,Very High Ice,DEMO DATA — NOT FOR REAL-WORLD NAVIGATION,2026-09-21T13:29:46.813836
-67.5,10.0,85.5,1.74,High Ice,DEMO DATA — NOT FOR REAL-WORLD NAVIGATION,2026-09-21T13:29:46.813836
-67.5,10.5,90.8,1.83,Very High Ice,DEMO DATA — NOT FOR REAL-WORLD NAVIGATION,2026-09-21T13:29:46.813836
-67.5,11.0,86.9,1.76,High Ice,DEMO DATA — NOT FOR REAL-WORLD NAVIGATION,2026-09-21T13:29:46.813836
-67.5,11.5,88.8,1.8,High Ice,DEMO DATA — NOT FOR REAL-WORLD NAVIGATION,2026-09-21T13:29:46.813836
-67.5,12.0,87.2,1.77,High Ice,DEMO DATA — NOT FOR REAL-WORLD NAVIGATION,2026-09-21T13:29:46.813836
-67.5,12.5,88.6,1.8,High Ice,DEMO DATA — NOT FOR REAL-WORLD NAVIGATION,2026-09-21T13:29:46.813836
-67.5,13.0,88.8,1.8,High Ice,DEMO DATA — NOT FOR REAL-WORLD NAVIGATION,2026-09-21T13:29:46.813836
-67.5,13.5,89.7,1.81,High Ice,DEMO DATA — NOT FOR REAL-WORLD NAVIGATION,2026-09-21T13:29:46.813836
-67.5,14.0,93.1,1.88,Very High Ice,DEMO DATA — NOT FOR REAL-WORLD NAVIGATION,2026-09-21T13:29:46.813836
-67.5,14.5,87.2,1.77,High Ice,DEMO DATA — NOT FOR REAL-WORLD NAVIGATION,2026-09-21T13:29:46.813836
-67.5,15.0,84.2,1.71,High Ice,DEMO DATA — NOT FOR REAL-WORLD NAVIGATION,2026-09-21T13:29:46.813836
-67.5,15.5,97.8,1.96,Very High Ice,DEMO DATA — NOT FOR REAL-WORLD NAVIGATION,2026-09-21T13:29:46.813836
-67.5,16.0,81.5,1.67,High Ice,DEMO DATA — NOT FOR REAL-WORLD NAVIGATION,2026-09-21T13:29:46.813836
-67.5,16.5,95.3,1.92,Very High Ice,DEMO DATA — NOT FOR REAL-WORLD NAVIGATION,2026-09-21T13:29:46.813836
-67.5,17.0,94.8,1.91,Very High Ice,DEMO DATA — NOT FOR REAL-WORLD NAVIGATION,2026-09-21T13:29:46.813836
-67.5,17.5,91.1,1.84,Very High Ice,DEMO DATA — NOT FOR REAL-WORLD NAVIGATION,2026-09-21T13:29:46.813836
-67.5,18.0,92.1,1.86,Very High Ice,DEMO DATA — NOT FOR REAL-WORLD NAVIGATION,2026-09-21T13:29:46.813836
-67.5,18.5,86.0,1.75,High Ice,DEMO DATA — NOT FOR REAL-WORLD NAVIGATION,2026-09-21T13:29:46.813836
-67.5,19.0,86.1,1.75,High Ice,DEMO DATA — NOT FOR REAL-WORLD NAVIGATION,2026-09-21T13:29:46.813836
-67.5,19.5,92.3,1.86,Very High Ice,DEMO DATA — NOT FOR REAL-WORLD NAVIGATION,2026-09-21T13:29:46.813836
-67.5,20.0,92.5,1.86,Very High Ice,DEMO DATA — NOT FOR REAL-WORLD NAVIGATION,2026-09-21T13:29:46.813836
-67.5,20.5,95.5,1.92,Very High Ice,DEMO DATA — NOT FOR REAL-WORLD NAVIGATION,2026-09-21T13:29:46.813836
-67.5,21.0,84.9,1.73,High Ice,DEMO DATA — NOT FOR REAL-WORLD NAVIGATION,2026-09-21T13:29:46.813836
-67.5,21.5,91.4,1.84,Very High Ice,DEMO DATA — NOT FOR REAL-WORLD NAVIGATION,2026-09-21T13:29:46.813836
-67.5,22.0,84.9,1.73,High Ice,DEMO DATA — NOT FOR REAL-WORLD NAVIGATION,2026-09-21T13:29:46.813836
-67.0,0.0,93.2,1.88,Very High Ice,DEMO DATA — NOT FOR REAL-WORLD NAVIGATION,2026-09-21T13:29:46.813836
-67.0,0.5,83.6,1.71,High Ice,DEMO DATA — NOT FOR REAL-WORLD NAVIGATION,2026-09-21T13:29:46.813836
-67.0,1.0,87.1,1.77,High Ice,DEMO DATA — NOT FOR REAL-WORLD NAVIGATION,2026-09-21T13:29:46.813836
-67.0,1.5,86.9,1.76,High Ice,DEMO DATA — NOT FOR REAL-WORLD NAVIGATION,2026-09-21T13:29:46.813836
-67.0,2.0,86.8,1.76,High Ice,DEMO DATA — NOT FOR REAL-WORLD NAVIGATION,2026-09-21T13:29:46.813836
-67.0,2.5,90.2,1.82,Very High Ice,DEMO DATA — NOT FOR REAL-WORLD NAVIGATION,2026-09-21T13:29:46.813836
-67.0,3.0,81.0,1.66,High Ice,DEMO DATA — NOT FOR REAL-WORLD NAVIGATION,2026-09-21T13:29:46.813836
-67.0,3.5,83.7,1.71,High Ice,DEMO DATA — NOT FOR REAL-WORLD NAVIGATION,2026-09-21T13:29:46.813836
-67.0,4.0,85.9,1.75,High Ice,DEMO DATA — NOT FOR REAL-WORLD NAVIGATION,2026-09-21T13:29:46.813836
-67.0,4.5,88.9,1.8,High Ice,DEMO DATA — NOT FOR REAL-WORLD NAVIGATION,2026-09-21T13:29:46.813836
-67.0,5.0,90.1,1.82,Very High Ice,DEMO DATA — NOT FOR REAL-WORLD NAVIGATION,2026-09-21T13:29:46.813836
-67.0,5.5,84.9,1.73,High Ice,DEMO DATA — NOT FOR REAL-WORLD NAVIGATION,2026-09-21T13:29:46.813836
-67.0,6.0,89.6,1.81,High Ice,DEMO DATA — NOT FOR REAL-WORLD NAVIGATION,2026-09-21T13:29:46.813836
-67.0,6.5,89.2,1.81,High Ice,DEMO DATA — NOT FOR REAL-WORLD NAVIGATION,2026-09-21T13:29:46.813836
-67.0,7.0,90.4,1.83,Very High Ice,DEMO DATA — NOT FOR REAL-WORLD NAVIGATION,2026-09-21T13:29:46.813836
-67.0,7.5,85.1,1.73,High Ice,DEMO DATA — NOT FOR REAL-WORLD NAVIGATION,2026-09-21T13:29:46.813836
-67.0,8.0,90.3,1.83,Very High Ice,DEMO DATA — NOT FOR REAL-WORLD NAVIGATION,2026-09-21T13:29:46.813836
-67.0,8.5,82.0,1.68,High Ice,DEMO DATA — NOT FOR REAL-WORLD NAVIGATION,2026-09-21T13:29:46.813836
-67.0,9.0,94.1,1.89,Very High Ice,DEMO DATA — NOT FOR REAL-WORLD NAVIGATION,2026-09-21T13:29:46.813836
-67.0,9.5,86.3,1.75,High Ice,DEMO DATA — NOT FOR REAL-WORLD NAVIGATION,2026-09-21T13:29:46.813836
-67.0,10.0,80.8,1.66,High Ice,DEMO DATA — NOT FOR REAL-WORLD NAVIGATION,2026-09-21T13:29:46.813836
-67.0,10.5,86.4,1.75,High Ice,DEMO DATA — NOT FOR REAL-WORLD NAVIGATION,2026-09-21T13:29:46.813836
-67.0,11.0,81.1,1.66,High Ice,DEMO DATA — NOT FOR REAL-WORLD NAVIGATION,2026-09-21T13:29:46.813836
-67.0,11.5,84.0,1.71,High Ice,DEMO DATA — NOT FOR REAL-WORLD NAVIGATION,2026-09-21T13:29:46.813836
-67.0,12.0,81.5,1.67,High Ice,DEMO DATA — NOT FOR REAL-WORLD NAVIGATION,2026-09-21T13:29:46.813836
-67.0,12.5,87.0,1.77,High Ice,DEMO DATA — NOT FOR REAL-WORLD NAVIGATION,2026-09-21T13:29:46.813836
-67.0,13.0,83.1,1.7,High Ice,DEMO DATA — NOT FOR REAL-WORLD NAVIGATION,2026-09-21T13:29:46.813836
-67.0,13.5,82.3,1.68,High Ice,DEMO DATA — NOT FOR REAL-WORLD NAVIGATION,2026-09-21T13:29:46.813836
-67.0,14.0,87.2,1.77,High Ice,DEMO DATA — NOT FOR REAL-WORLD NAVIGATION,2026-09-21T13:29:46.813836
-67.0,14.5,83.9,1.71,High Ice,DEMO DATA — NOT FOR REAL-WORLD NAVIGATION,2026-09-21T13:29:46.813836
-67.0,15.0,83.8,1.71,High Ice,DEMO DATA — NOT FOR REAL-WORLD NAVIGATION,2026-09-21T13:29:46.813836
-67.0,15.5,82.9,1.69,High Ice,DEMO DATA — NOT FOR REAL-WORLD NAVIGATION,2026-09-21T13:29:46.813836
-67.0,16.0,85.3,1.73,High Ice,DEMO DATA — NOT FOR REAL-WORLD NAVIGATION,2026-09-21T13:29:46.813836
-67.0,16.5,81.1,1.66,High Ice,DEMO DATA — NOT FOR REAL-WORLD NAVIGATION,2026-09-21T13:29:46.813836
-67.0,17.0,86.4,1.76,High Ice,DEMO DATA — NOT FOR REAL-WORLD NAVIGATION,2026-09-21T13:29:46.813836
-67.0,17.5,81.4,1.67,High Ice,DEMO DATA — NOT FOR REAL-WORLD NAVIGATION,2026-09-21T13:29:46.813836
-67.0,18.0,81.9,1.67,High Ice,DEMO DATA — NOT FOR REAL-WORLD NAVIGATION,2026-09-21T13:29:46.813836
-67.0,18.5,93.3,1.88,Very High Ice,DEMO DATA — NOT FOR REAL-WORLD NAVIGATION,2026-09-21T13:29:46.813836
-67.0,19.0,91.0,1.84,Very High Ice,DEMO DATA — NOT FOR REAL-WORLD NAVIGATION,2026-09-21T13:29:46.813836
-67.0,19.5,88.0,1.78,High Ice,DEMO DATA — NOT FOR REAL-WORLD NAVIGATION,2026-09-21T13:29:46.813836
-67.0,20.0,86.8,1.76,High Ice,DEMO DATA — NOT FOR REAL-WORLD NAVIGATION,2026-09-21T13:29:46.813836
-67.0,20.5,88.0,1.78,High Ice,DEMO DATA — NOT FOR REAL-WORLD NAVIGATION,2026-09-21T13:29:46.813836
-67.0,21.0,81.3,1.66,High Ice,DEMO DATA — NOT FOR REAL-WORLD NAVIGATION,2026-09-21T13:29:46.813836
-67.0,21.5,90.0,1.82,High Ice,DEMO DATA — NOT FOR REAL-WORLD NAVIGATION,2026-09-21T13:29:46.813836
-67.0,22.0,81.3,1.66,High Ice,DEMO DATA — NOT FOR REAL-WORLD NAVIGATION,2026-09-21T13:29:46.813836
-66.5,0.0,83.2,1.7,High Ice,DEMO DATA — NOT FOR REAL-WORLD NAVIGATION,2026-09-21T13:29:46.813836
-66.5,0.5,83.5,1.7,High Ice,DEMO DATA — NOT FOR REAL-WORLD NAVIGATION,2026-09-21T13:29:46.813836
-66.5,1.0,74.2,1.54,High Ice,DEMO DATA — NOT FOR REAL-WORLD NAVIGATION,2026-09-21T13:29:46.813836
-66.5,1.5,84.8,1.73,High Ice,DEMO DATA — NOT FOR REAL-WORLD NAVIGATION,2026-09-21T13:29:46.813836
-66.5,2.0,79.1,1.62,High Ice,DEMO DATA — NOT FOR REAL-WORLD NAVIGATION,2026-09-21T13:29:46.813836
-66.5,2.5,80.4,1.65,High Ice,DEMO DATA — NOT FOR REAL-WORLD NAVIGATION,2026-09-21T13:29:46.813836
-66.5,3.0,89.1,1.8,High Ice,DEMO DATA — NOT FOR REAL-WORLD NAVIGATION,2026-09-21T13:29:46.813836
-66.5,3.5,89.7,1.81,High Ice,DEMO DATA — NOT FOR REAL-WORLD NAVIGATION,2026-09-21T13:29:46.813836
-66.5,4.0,87.7,1.78,High Ice,DEMO DATA — NOT FOR REAL-WORLD NAVIGATION,2026-09-21T13:29:46.813836
-66.5,4.5,91.3,1.84,Very High Ice,DEMO DATA — NOT FOR REAL-WORLD NAVIGATION,2026-09-21T13:29:46.813836
-66.5,5.0,88.6,1.79,High Ice,DEMO DATA — NOT FOR REAL-WORLD NAVIGATION,2026-09-21T13:29:46.813836
-66.5,5.5,82.9,1.69,High Ice,DEMO DATA — NOT FOR REAL-WORLD NAVIGATION,2026-09-21T13:29:46.813836
-66.5,6.0,87.4,1.77,High Ice,DEMO DATA — NOT FOR REAL-WORLD NAVIGATION,2026-09-21T13:29:46.813836
-66.5,6.5,82.4,1.68,High Ice,DEMO DATA — NOT FOR REAL-WORLD NAVIGATION,2026-09-21T13:29:46.813836
-66.5,7.0,85.0,1.73,High Ice,DEMO DATA — NOT FOR REAL-WORLD NAVIGATION,2026-09-21T13:29:46.813836
-66.5,7.5,83.8,1.71,High Ice,DEMO DATA — NOT FOR REAL-WORLD NAVIGATION,2026-09-21T13:29:46.813836
-66.5,8.0,82.8,1.69,High Ice,DEMO DATA — NOT FOR REAL-WORLD NAVIGATION,2026-09-21T13:29:46.813836
-66.5,8.5,74.9,1.55,High Ice,DEMO DATA — NOT FOR REAL-WORLD NAVIGATION,2026-09-21T13:29:46.813836
-66.5,9.0,82.5,1.69,High Ice,DEMO DATA — NOT FOR REAL-WORLD NAVIGATION,2026-09-21T13:29:46.813836
-66.5,9.5,81.2,1.66,High Ice,DEMO DATA — NOT FOR REAL-WORLD NAVIGATION,2026-09-21T13:29:46.813836
-66.5,10.0,76.5,1.58,High Ice,DEMO DATA — NOT FOR REAL-WORLD NAVIGATION,2026-09-21T13:29:46.813836
-66.5,10.5,79.3,1.63,High Ice,DEMO DATA — NOT FOR REAL-WORLD NAVIGATION,2026-09-21T13:29:46.813836
-66.5,11.0,82.2,1.68,High Ice,DEMO DATA — NOT FOR REAL-WORLD NAVIGATION,2026-09-21T13:29:46.813836
-66.5,11.5,89.6,1.81,High Ice,DEMO DATA — NOT FOR REAL-WORLD NAVIGATION,2026-09-21T13:29:46.813836
-66.5,12.0,83.7,1.71,High Ice,DEMO DATA — NOT FOR REAL-WORLD NAVIGATION,2026-09-21T13:29:46.813836
-66.5,12.5,82.8,1.69,High Ice,DEMO DATA — NOT FOR REAL-WORLD NAVIGATION,2026-09-21T13:29:46.813836
-66.5,13.0,91.5,1.85,Very High Ice,DEMO DATA — NOT FOR REAL-WORLD NAVIGATION,2026-09-21T13:29:46.813836
-66.5,13.5,83.2,1.7,High Ice,DEMO DATA — NOT FOR REAL-WORLD NAVIGATION,2026-09-21T13:29:46.813836
-66.5,14.0,78.0,1.6,High Ice,DEMO DATA — NOT FOR REAL-WORLD NAVIGATION,2026-09-21T13:29:46.813836
-66.5,14.5,76.1,1.57,High Ice,DEMO DATA — NOT FOR REAL-WORLD NAVIGATION,2026-09-21T13:29:46.813836
-66.5,15.0,80.2,1.64,High Ice,DEMO DATA — NOT FOR REAL-WORLD NAVIGATION,2026-09-21T13:29:46.813836
-66.5,15.5,86.5,1.76,High Ice,DEMO DATA — NOT FOR REAL-WORLD NAVIGATION,2026-09-21T13:29:46.813836
-66.5,16.0,85.0,1.73,High Ice,DEMO DATA — NOT FOR REAL-WORLD NAVIGATION,2026-09-21T13:29:46.813836
-66.5,16.5,81.6,1.67,High Ice,DEMO DATA — NOT FOR REAL-WORLD NAVIGATION,2026-09-21T13:29:46.813836
-66.5,17.0,79.8,1.64,High Ice,DEMO DATA — NOT FOR REAL-WORLD NAVIGATION,2026-09-21T13:29:46.813836
-66.5,17.5,83.5,1.7,High Ice,DEMO DATA — NOT FOR REAL-WORLD NAVIGATION,2026-09-21T13:29:46.813836
-66.5,18.0,84.4,1.72,High Ice,DEMO DATA — NOT FOR REAL-WORLD NAVIGATION,2026-09-21T13:29:46.813836
-66.5,18.5,83.4,1.7,High Ice,DEMO DATA — NOT FOR REAL-WORLD NAVIGATION,2026-09-21T13:29:46.813836
-66.5,19.0,82.5,1.69,High Ice,DEMO DATA — NOT FOR REAL-WORLD NAVIGATION,2026-09-21T13:29:46.813836
-66.5,19.5,87.6,1.78,High Ice,DEMO DATA — NOT FOR REAL-WORLD NAVIGATION,2026-09-21T13:29:46.813836
-66.5,20.0,85.9,1.75,High Ice,DEMO DATA — NOT FOR REAL-WORLD NAVIGATION,2026-09-21T13:29:46.813836
-66.5,20.5,81.1,1.66,High Ice,DEMO DATA — NOT FOR REAL-WORLD NAVIGATION,2026-09-21T13:29:46.813836
-66.5,21.0,84.7,1.73,High Ice,DEMO DATA — NOT FOR REAL-WORLD NAVIGATION,2026-09-21T13:29:46.813836
-66.5,21.5,78.8,1.62,High Ice,DEMO DATA — NOT FOR REAL-WORLD NAVIGATION,2026-09-21T13:29:46.813836
-66.5,22.0,82.1,1.68,High Ice,DEMO DATA — NOT FOR REAL-WORLD NAVIGATION,2026-09-21T13:29:46.813836
-66.0,0.0,74.6,1.54,High Ice,DEMO DATA — NOT FOR REAL-WORLD NAVIGATION,2026-09-21T13:29:46.813836
-66.0,0.5,80.4,1.65,High Ice,DEMO DATA — NOT FOR REAL-WORLD NAVIGATION,2026-09-21T13:29:46.813836
-66.0,1.0,82.0,1.68,High Ice,DEMO DATA — NOT FOR REAL-WORLD NAVIGATION,2026-09-21T13:29:46.813836
-66.0,1.5,78.0,1.6,High Ice,DEMO DATA — NOT FOR REAL-WORLD NAVIGATION,2026-09-21T13:29:46.813836
-66.0,2.0,78.0,1.6,High Ice,DEMO DATA — NOT FOR REAL-WORLD NAVIGATION,2026-09-21T13:29:46.813836
-66.0,2.5,84.1,1.71,High Ice,DEMO DATA — NOT FOR REAL-WORLD NAVIGATION,2026-09-21T13:29:46.813836
-66.0,3.0,77.8,1.6,High Ice,DEMO DATA — NOT FOR REAL-WORLD NAVIGATION,2026-09-21T13:29:46.813836
-66.0,3.5,77.1,1.59,High Ice,DEMO DATA — NOT FOR REAL-WORLD NAVIGATION,2026-09-21T13:29:46.813836
-66.0,4.0,82.2,1.68,High Ice,DEMO DATA — NOT FOR REAL-WORLD NAVIGATION,2026-09-21T13:29:46.813836
-66.0,4.5,84.1,1.71,High Ice,DEMO DATA — NOT FOR REAL-WORLD NAVIGATION,2026-09-21T13:29:46.813836
-66.0,5.0,82.4,1.68,High Ice,DEMO DATA — NOT FOR REAL-WORLD NAVIGATION,2026-09-21T13:29:46.813836
-66.0,5.5,86.3,1.75,High Ice,DEMO DATA — NOT FOR REAL-WORLD NAVIGATION,2026-09-21T13:29:46.813836
-66.0,6.0,83.7,1.71,High Ice,DEMO DATA — NOT FOR REAL-WORLD NAVIGATION,2026-09-21T13:29:46.813836
-66.0,6.5,88.3,1.79,High Ice,DEMO DATA — NOT FOR REAL-WORLD NAVIGATION,2026-09-21T13:29:46.813836
-66.0,7.0,83.3,1.7,High Ice,DEMO DATA — NOT FOR REAL-WORLD NAVIGATION,2026-09-21T13:29:46.813836
-66.0,7.5,85.3,1.74,High Ice,DEMO DATA — NOT FOR REAL-WORLD NAVIGATION,2026-09-21T13:29:46.813836
-66.0,8.0,86.3,1.75,High Ice,DEMO DATA — NOT FOR REAL-WORLD NAVIGATION,2026-09-21T13:29:46.813836
-66.0,8.5,82.0,1.68,High Ice,DEMO DATA — NOT FOR REAL-WORLD NAVIGATION,2026-09-21T13:29:46.813836
-66.0,9.0,77.7,1.6,High Ice,DEMO DATA — NOT FOR REAL-WORLD NAVIGATION,2026-09-21T13:29:46.813836
-66.0,9.5,76.7,1.58,High Ice,DEMO DATA — NOT FOR REAL-WORLD NAVIGATION,2026-09-21T13:29:46.813836
-66.0,10.0,78.4,1.61,High Ice,DEMO DATA — NOT FOR REAL-WORLD NAVIGATION,2026-09-21T13:29:46.813836
-66.0,10.5,72.6,1.51,High Ice,DEMO DATA — NOT FOR REAL-WORLD NAVIGATION,2026-09-21T13:29:46.813836
-66.0,11.0,77.4,1.59,High Ice,DEMO DATA — NOT FOR REAL-WORLD NAVIGATION,2026-09-21T13:29:46.813836
-66.0,11.5,76.7,1.58,High Ice,DEMO DATA — NOT FOR REAL-WORLD NAVIGATION,2026-09-21T13:29:46.813836
-66.0,12.0,81.2,1.66,High Ice,DEMO DATA — NOT FOR REAL-WORLD NAVIGATION,2026-09-21T13:29:46.813836
-66.0,12.5,81.1,1.66,High Ice,DEMO DATA — NOT FOR REAL-WORLD NAVIGATION,2026-09-21T13:29:46.813836
-66.0,13.0,77.2,1.59,High Ice,DEMO DATA — NOT FOR REAL-WORLD NAVIGATION,2026-09-21T13:29:46.813836
-66.0,13.5,75.0,1.55,High Ice,DEMO DATA — NOT FOR REAL-WORLD NAVIGATION,2026-09-21T13:29:46.813836
-66.0,14.0,75.9,1.57,High Ice,DEMO DATA — NOT FOR REAL-WORLD NAVIGATION,2026-09-21T13:29:46.813836
-66.0,14.5,85.2,1.73,High Ice,DEMO DATA — NOT FOR REAL-WORLD NAVIGATION,2026-09-21T13:29:46.813836
-66.0,15.0,82.4,1.68,High Ice,DEMO DATA — NOT FOR REAL-WORLD NAVIGATION,2026-09-21T13:29:46.813836
-66.0,15.5,78.1,1.61,High Ice,DEMO DATA — NOT FOR REAL-WORLD NAVIGATION,2026-09-21T13:29:46.813836
-66.0,16.0,79.6,1.63,High Ice,DEMO DATA — NOT FOR REAL-WORLD NAVIGATION,2026-09-21T13:29:46.813836
-66.0,16.5,74.3,1.54,High Ice,DEMO DATA — NOT FOR REAL-WORLD NAVIGATION,2026-09-21T13:29:46.813836
-66.0,17.0,75.3,1.55,High Ice,DEMO DATA — NOT FOR REAL-WORLD NAVIGATION,2026-09-21T13:29:46.813836
-66.0,17.5,77.4,1.59,High Ice,DEMO DATA — NOT FOR REAL-WORLD NAVIGATION,2026-09-21T13:29:46.813836
-66.0,18.0,79.9,1.64,High Ice,DEMO DATA — NOT FOR REAL-WORLD NAVIGATION,2026-09-21T13:29:46.813836
-66.0,18.5,76.6,1.58,High Ice,DEMO DATA — NOT FOR REAL-WORLD NAVIGATION,2026-09-21T13:29:46.813836
-66.0,19.0,79.6,1.63,High Ice,DEMO DATA — NOT FOR REAL-WORLD NAVIGATION,2026-09-21T13:29:46.813836
-66.0,19.5,77.7,1.6,High Ice,DEMO DATA — NOT FOR REAL-WORLD NAVIGATION,2026-09-21T13:29:46.813836
-66.0,20.0,77.9,1.6,High Ice,DEMO DATA — NOT FOR REAL-WORLD NAVIGATION,2026-09-21T13:29:46.813836
-66.0,20.5,75.5,1.56,High Ice,DEMO DATA — NOT FOR REAL-WORLD NAVIGATION,2026-09-21T13:29:46.813836
-66.0,21.0,82.0,1.68,High Ice,DEMO DATA — NOT FOR REAL-WORLD NAVIGATION,2026-09-21T13:29:46.813836
-66.0,21.5,76.4,1.57,High Ice,DEMO DATA — NOT FOR REAL-WORLD NAVIGATION,2026-09-21T13:29:46.813836
-66.0,22.0,78.3,1.61,High Ice,DEMO DATA — NOT FOR REAL-WORLD NAVIGATION,2026-09-21T13:29:46.813836
-65.5,0.0,72.2,1.5,High Ice,DEMO DATA — NOT FOR REAL-WORLD NAVIGATION,2026-09-21T13:29:46.813836
-65.5,0.5,72.4,1.5,High Ice,DEMO DATA — NOT FOR REAL-WORLD NAVIGATION,2026-09-21T13:29:46.813836
-65.5,1.0,76.6,1.58,High Ice,DEMO DATA — NOT FOR REAL-WORLD NAVIGATION,2026-09-21T13:29:46.813836
-65.5,1.5,79.1,1.62,High Ice,DEMO DATA — NOT FOR REAL-WORLD NAVIGATION,2026-09-21T13:29:46.813836
-65.5,2.0,67.8,1.42,Moderate Ice,DEMO DATA — NOT FOR REAL-WORLD NAVIGATION,2026-09-21T13:29:46.813836
-65.5,2.5,74.9,1.55,High Ice,DEMO DATA — NOT FOR REAL-WORLD NAVIGATION,2026-09-21T13:29:46.813836
-65.5,3.0,77.7,1.6,High Ice,DEMO DATA — NOT FOR REAL-WORLD NAVIGATION,2026-09-21T13:29:46.813836
-65.5,3.5,75.0,1.55,High Ice,DEMO DATA — NOT FOR REAL-WORLD NAVIGATION,2026-09-21T13:29:46.813836
-65.5,4.0,74.1,1.53,High Ice,DEMO DATA — NOT FOR REAL-WORLD NAVIGATION,2026-09-21T13:29:46.813836
-65.5,4.5,76.9,1.58,High Ice,DEMO DATA — NOT FOR REAL-WORLD NAVIGATION,2026-09-21T13:29:46.813836
-65.5,5.0,85.5,1.74,High Ice,DEMO DATA — NOT FOR REAL-WORLD NAVIGATION,2026-09-21T13:29:46.813836
-65.5,5.5,85.6,1.74,High Ice,DEMO DATA — NOT FOR REAL-WORLD NAVIGATION,2026-09-21T13:29:46.813836
-65.5,6.0,83.3,1.7,High Ice,DEMO DATA — NOT FOR REAL-WORLD NAVIGATION,2026-09-21T13:29:46.813836
-65.5,6.5,84.0,1.71,High Ice,DEMO DATA — NOT FOR REAL-WORLD NAVIGATION,2026-09-21T13:29:46.813836
-65.5,7.0,79.3,1.63,High Ice,DEMO DATA — NOT FOR REAL-WORLD NAVIGATION,2026-09-21T13:29:46.813836
-65.5,7.5,78.7,1.62,High Ice,DEMO DATA — NOT FOR REAL-WORLD NAVIGATION,2026-09-21T13:29:46.813836
-65.5,8.0,73.5,1.52,High Ice,DEMO DATA — NOT FOR REAL-WORLD NAVIGATION,2026-09-21T13:29:46.813836
-65.5,8.5,78.1,1.61,High Ice,DEMO DATA — NOT FOR REAL-WORLD NAVIGATION,2026-09-21T13:29:46.813836
-65.5,9.0,70.0,1.46,High Ice,DEMO DATA — NOT FOR REAL-WORLD NAVIGATION,2026-09-21T13:29:46.813836
-65.5,9.5,73.4,1.52,High Ice,DEMO DATA — NOT FOR REAL-WORLD NAVIGATION,2026-09-21T13:29:46.813836
-65.5,10.0,72.8,1.51,High Ice,DEMO DATA — NOT FOR REAL-WORLD NAVIGATION,2026-09-21T13:29:46.813836
-65.5,10.5,72.0,1.5,High Ice,DEMO DATA — NOT FOR REAL-WORLD NAVIGATION,2026-09-21T13:29:46.813836
-65.5,11.0,76.8,1.58,High Ice,DEMO DATA — NOT FOR REAL-WORLD NAVIGATION,2026-09-21T13:29:46.813836
-65.5,11.5,74.0,1.53,High Ice,DEMO DATA — NOT FOR REAL-WORLD NAVIGATION,2026-09-21T13:29:46.813836
-65.5,12.0,74.4,1.54,High Ice,DEMO DATA — NOT FOR REAL-WORLD NAVIGATION,2026-09-21T13:29:46.813836
-65.5,12.5,72.1,1.5,High Ice,DEMO DATA — NOT FOR REAL-WORLD NAVIGATION,2026-09-21T13:29:46.813836
-65.5,13.0,75.0,1.55,High Ice,DEMO DATA — NOT FOR REAL-WORLD NAVIGATION,2026-09-21T13:29:46.813836
-65.5,13.5,80.6,1.65,High Ice,DEMO DATA — NOT FOR REAL-WORLD NAVIGATION,2026-09-21T13:29:46.813836
-65.5,14.0,67.1,1.41,Moderate Ice,DEMO DATA — NOT FOR REAL-WORLD NAVIGATION,2026-09-21T13:29:46.813836
-65.5,14.5,74.9,1.55,High Ice,DEMO DATA — NOT FOR REAL-WORLD NAVIGATION,2026-09-21T13:29:46.813836
-65.5,15.0,73.7,1.53,High Ice,DEMO DATA — NOT FOR REAL-WORLD NAVIGATION,2026-09-21T13:29:46.813836
-65.5,15.5,71.6,1.49,High Ice,DEMO DATA — NOT FOR REAL-WORLD NAVIGATION,2026-09-21T13:29:46.813836
-65.5,16.0,78.2,1.61,High Ice,DEMO DATA — NOT FOR REAL-WORLD NAVIGATION,2026-09-21T13:29:46.813836
-65.5,16.5,70.6,1.47,High Ice,DEMO DATA — NOT FOR REAL-WORLD NAVIGATION,2026-09-21T13:29:46.813836
-65.5,17.0,75.4,1.56,High Ice,DEMO DATA — NOT FOR REAL-WORLD NAVIGATION,2026-09-21T13:29:46.813836
-65.5,17.5,72.6,1.51,High Ice,DEMO DATA — NOT FOR REAL-WORLD NAVIGATION,2026-09-21T13:29:46.813836
-65.5,18.0,70.7,1.47,High Ice,DEMO DATA — NOT FOR REAL-WORLD NAVIGATION,2026-09-21T13:29:46.813836
-65.5,18.5,76.6,1.58,High Ice,DEMO DATA — NOT FOR REAL-WORLD NAVIGATION,2026-09-21T13:29:46.813836
-65.5,19.0,69.2,1.45,Moderate Ice,DEMO DATA — NOT FOR REAL-WORLD NAVIGATION,2026-09-21T13:29:46.813836
-65.5,19.5,75.1,1.55,High Ice,DEMO DATA — NOT FOR REAL-WORLD NAVIGATION,2026-09-21T13:29:46.813836
-65.5,20.0,73.6,1.52,High Ice,DEMO DATA — NOT FOR REAL-WORLD NAVIGATION,2026-09-21T13:29:46.813836
-65.5,20.5,79.1,1.62,High Ice,DEMO DATA — NOT FOR REAL-WORLD NAVIGATION,2026-09-21T13:29:46.813836
-65.5,21.0,74.6,1.54,High Ice,DEMO DATA — NOT FOR REAL-WORLD NAVIGATION,2026-09-21T13:29:46.813836
-65.5,21.5,70.9,1.48,High Ice,DEMO DATA — NOT FOR REAL-WORLD NAVIGATION,2026-09-21T13:29:46.813836
-65.5,22.0,74.8,1.55,High Ice,DEMO DATA — NOT FOR REAL-WORLD NAVIGATION,2026-09-21T13:29:46.813836
-65.0,0.0,69.6,1.45,Moderate Ice,DEMO DATA — NOT FOR REAL-WORLD NAVIGATION,2026-09-21T13:29:46.813836
-65.0,0.5,68.4,1.43,Moderate Ice,DEMO DATA — NOT FOR REAL-WORLD NAVIGATION,2026-09-21T13:29:46.813836
-65.0,1.0,66.2,1.39,Moderate Ice,DEMO DATA — NOT FOR REAL-WORLD NAVIGATION,2026-09-21T13:29:46.813836
-65.0,1.5,68.7,1.44,Moderate Ice,DEMO DATA — NOT FOR REAL-WORLD NAVIGATION,2026-09-21T13:29:46.813836
-65.0,2.0,67.9,1.42,Moderate Ice,DEMO DATA — NOT FOR REAL-WORLD NAVIGATION,2026-09-21T13:29:46.813836
-65.0,2.5,74.5,1.54,High Ice,DEMO DATA — NOT FOR REAL-WORLD NAVIGATION,2026-09-21T13:29:46.813836
-65.0,3.0,71.0,1.48,High Ice,DEMO DATA — NOT FOR REAL-WORLD NAVIGATION,2026-09-21T13:29:46.813836
-65.0,3.5,66.0,1.39,Moderate Ice,DEMO DATA — NOT FOR REAL-WORLD NAVIGATION,2026-09-21T13:29:46.813836
-65.0,4.0,77.8,1.6,High Ice,DEMO DATA — NOT FOR REAL-WORLD NAVIGATION,2026-09-21T13:29:46.813836
-65.0,4.5,74.6,1.54,High Ice,DEMO DATA — NOT FOR REAL-WORLD NAVIGATION,2026-09-21T13:29:46.813836
-65.0,5.0,75.6,1.56,High Ice,DEMO DATA — NOT FOR REAL-WORLD NAVIGATION,2026-09-21T13:29:46.813836
-65.0,5.5,84.5,1.72,High Ice,DEMO DATA — NOT FOR REAL-WORLD NAVIGATION,2026-09-21T13:29:46.813836
-65.0,6.0,86.1,1.75,High Ice,DEMO DATA — NOT FOR REAL-WORLD NAVIGATION,2026-09-21T13:29:46.813836
-65.0,6.5,80.7,1.65,High Ice,DEMO DATA — NOT FOR REAL-WORLD NAVIGATION,2026-09-21T13:29:46.813836
-65.0,7.0,74.8,1.55,High Ice,DEMO DATA — NOT FOR REAL-WORLD NAVIGATION,2026-09-21T13:29:46.813836
-65.0,7.5,73.2,1.52,High Ice,DEMO DATA — NOT FOR REAL-WORLD NAVIGATION,2026-09-21T13:29:46.813836
-65.0,8.0,67.6,1.42,Moderate Ice,DEMO DATA — NOT FOR REAL-WORLD NAVIGATION,2026-09-21T13:29:46.813836
-65.0,8.5,68.8,1.44,Moderate Ice,DEMO DATA — NOT FOR REAL-WORLD NAVIGATION,2026-09-21T13:29:46.813836
-65.0,9.0,74.4,1.54,High Ice,DEMO DATA — NOT FOR REAL-WORLD NAVIGATION,2026-09-21T13:29:46.813836
-65.0,9.5,72.4,1.5,High Ice,DEMO DATA — NOT FOR REAL-WORLD NAVIGATION,2026-09-21T13:29:46.813836
-65.0,10.0,71.4,1.49,High Ice,DEMO DATA — NOT FOR REAL-WORLD NAVIGATION,2026-09-21T13:29:46.813836
-65.0,10.5,73.2,1.52,High Ice,DEMO DATA — NOT FOR REAL-WORLD NAVIGATION,2026-09-21T13:29:46.813836
-65.0,11.0,62.8,1.33,Moderate Ice,DEMO DATA — NOT FOR REAL-WORLD NAVIGATION,2026-09-21T13:29:46.813836
-65.0,11.5,67.4,1.41,Moderate Ice,DEMO DATA — NOT FOR REAL-WORLD NAVIGATION,2026-09-21T13:29:46.813836
-65.0,12.0,67.4,1.41,Moderate Ice,DEMO DATA — NOT FOR REAL-WORLD NAVIGATION,2026-09-21T13:29:46.813836
-65.0,12.5,69.4,1.45,Moderate Ice,DEMO DATA — NOT FOR REAL-WORLD NAVIGATION,2026-09-21T13:29:46.813836
-65.0,13.0,71.5,1.49,High Ice,DEMO DATA — NOT FOR REAL-WORLD NAVIGATION,2026-09-21T13:29:46.813836
-65.0,13.5,69.0,1.44,Moderate Ice,DEMO DATA — NOT FOR REAL-WORLD NAVIGATION,2026-09-21T13:29:46.813836
-65.0,14.0,76.1,1.57,High Ice,DEMO DATA — NOT FOR REAL-WORLD NAVIGATION,2026-09-21T13:29:46.813836
-65.0,14.5,68.9,1.44,Moderate Ice,DEMO DATA — NOT FOR REAL-WORLD NAVIGATION,2026-09-21T13:29:46.813836
-65.0,15.0,72.2,1.5,High Ice,DEMO DATA — NOT FOR REAL-WORLD NAVIGATION,2026-09-21T13:29:46.813836
-65.0,15.5,69.6,1.45,Moderate Ice,DEMO DATA — NOT FOR REAL-WORLD NAVIGATION,2026-09-21T13:29:46.813836
-65.0,16.0,64.1,1.35,Moderate Ice,DEMO DATA — NOT FOR REAL-WORLD NAVIGATION,2026-09-21T13:29:46.813836
-65.0,16.5,69.6,1.45,Moderate Ice,DEMO DATA — NOT FOR REAL-WORLD NAVIGATION,2026-09-21T13:29:46.813836
-65.0,17.0,70.7,1.47,High Ice,DEMO DATA — NOT FOR REAL-WORLD NAVIGATION,2026-09-21T13:29:46.813836
-65.0,17.5,68.6,1.43,Moderate Ice,DEMO DATA — NOT FOR REAL-WORLD NAVIGATION,2026-09-21T13:29:46.813836
-65.0,18.0,69.7,1.46,Moderate Ice,DEMO DATA — NOT FOR REAL-WORLD NAVIGATION,2026-09-21T13:29:46.813836
-65.0,18.5,68.9,1.44,Moderate Ice,DEMO DATA — NOT FOR REAL-WORLD NAVIGATION,2026-09-21T13:29:46.813836
-65.0,19.0,69.1,1.44,Moderate Ice,DEMO DATA — NOT FOR REAL-WORLD NAVIGATION,2026-09-21T13:29:46.813836
-65.0,19.5,71.4,1.49,High Ice,DEMO DATA — NOT FOR REAL-WORLD NAVIGATION,2026-09-21T13:29:46.813836
-65.0,20.0,67.3,1.41,Moderate Ice,DEMO DATA — NOT FOR REAL-WORLD NAVIGATION,2026-09-21T13:29:46.813836
-65.0,20.5,68.5,1.43,Moderate Ice,DEMO DATA — NOT FOR REAL-WORLD NAVIGATION,2026-09-21T13:29:46.813836
-65.0,21.0,65.4,1.38,Moderate Ice,DEMO DATA — NOT FOR REAL-WORLD NAVIGATION,2026-09-21T13:29:46.813836
-65.0,21.5,71.0,1.48,High Ice,DEMO DATA — NOT FOR REAL-WORLD NAVIGATION,2026-09-21T13:29:46.813836
-65.0,22.0,64.0,1.35,Moderate Ice,DEMO DATA — NOT FOR REAL-WORLD NAVIGATION,2026-09-21T13:29:46.813836
-64.5,0.0,59.6,1.27,Moderate Ice,DEMO DATA — NOT FOR REAL-WORLD NAVIGATION,2026-09-21T13:29:46.813836
-64.5,0.5,66.5,1.4,Moderate Ice,DEMO DATA — NOT FOR REAL-WORLD NAVIGATION,2026-09-21T13:29:46.813836
-64.5,1.0,63.3,1.34,Moderate Ice,DEMO DATA — NOT FOR REAL-WORLD NAVIGATION,2026-09-21T13:29:46.813836
-64.5,1.5,65.1,1.37,Moderate Ice,DEMO DATA — NOT FOR REAL-WORLD NAVIGATION,2026-09-21T13:29:46.813836
-64.5,2.0,56.9,1.22,Moderate Ice,DEMO DATA — NOT FOR REAL-WORLD NAVIGATION,2026-09-21T13:29:46.813836
-64.5,2.5,60.5,1.29,Moderate Ice,DEMO DATA — NOT FOR REAL-WORLD NAVIGATION,2026-09-21T13:29:46.813836
-64.5,3.0,63.2,1.34,Moderate Ice,DEMO DATA — NOT FOR REAL-WORLD NAVIGATION,2026-09-21T13:29:46.813836
-64.5,3.5,62.8,1.33,Moderate Ice,DEMO DATA — NOT FOR REAL-WORLD NAVIGATION,2026-09-21T13:29:46.813836
-64.5,4.0,66.6,1.4,Moderate Ice,DEMO DATA — NOT FOR REAL-WORLD NAVIGATION,2026-09-21T13:29:46.813836
-64.5,4.5,68.7,1.44,Moderate Ice,DEMO DATA — NOT FOR REAL-WORLD NAVIGATION,2026-09-21T13:29:46.813836
-64.5,5.0,71.7,1.49,High Ice,DEMO DATA — NOT FOR REAL-WORLD NAVIGATION,2026-09-21T13:29:46.813836
-64.5,5.5,71.3,1.48,High Ice,DEMO DATA — NOT FOR REAL-WORLD NAVIGATION,2026-09-21T13:29:46.813836
-64.5,6.0,69.3,1.45,Moderate Ice,DEMO DATA — NOT FOR REAL-WORLD NAVIGATION,2026-09-21T13:29:46.813836
-64.5,6.5,74.1,1.53,High Ice,DEMO DATA — NOT FOR REAL-WORLD NAVIGATION,2026-09-21T13:29:46.813836
-64.5,7.0,67.5,1.41,Moderate Ice,DEMO DATA — NOT FOR REAL-WORLD NAVIGATION,2026-09-21T13:29:46.813836
-64.5,7.5,70.6,1.47,High Ice,DEMO DATA — NOT FOR REAL-WORLD NAVIGATION,2026-09-21T13:29:46.813836
-64.5,8.0,59.8,1.28,Moderate Ice,DEMO DATA — NOT FOR REAL-WORLD NAVIGATION,2026-09-21T13:29:46.813836
-64.5,8.5,63.5,1.34,Moderate Ice,DEMO DATA — NOT FOR REAL-WORLD NAVIGATION,2026-09-21T13:29:46.813836
-64.5,9.0,65.6,1.38,Moderate Ice,DEMO DATA — NOT FOR REAL-WORLD NAVIGATION,2026-09-21T13:29:46.813836
-64.5,9.5,58.8,1.26,Moderate Ice,DEMO DATA — NOT FOR REAL-WORLD NAVIGATION,2026-09-21T13:29:46.813836
-64.5,10.0,62.5,1.32,Moderate Ice,DEMO DATA — NOT FOR REAL-WORLD NAVIGATION,2026-09-21T13:29:46.813836
-64.5,10.5,65.4,1.38,Moderate Ice,DEMO DATA — NOT FOR REAL-WORLD NAVIGATION,2026-09-21T13:29:46.813836
-64.5,11.0,56.7,1.22,Moderate Ice,DEMO DATA — NOT FOR REAL-WORLD NAVIGATION,2026-09-21T13:29:46.813836
-64.5,11.5,63.5,1.34,Moderate Ice,DEMO DATA — NOT FOR REAL-WORLD NAVIGATION,2026-09-21T13:29:46.813836
-64.5,12.0,60.6,1.29,Moderate Ice,DEMO DATA — NOT FOR REAL-WORLD NAVIGATION,2026-09-21T13:29:46.813836
-64.5,12.5,60.2,1.28,Moderate Ice,DEMO DATA — NOT FOR REAL-WORLD NAVIGATION,2026-09-21T13:29:46.813836
-64.5,13.0,68.3,1.43,Moderate Ice,DEMO DATA — NOT FOR REAL-WORLD NAVIGATION,2026-09-21T13:29:46.813836
-64.5,13.5,62.6,1.33,Moderate Ice,DEMO DATA — NOT FOR REAL-WORLD NAVIGATION,2026-09-21T13:29:46.813836
-64.5,14.0,64.6,1.36,Moderate Ice,DEMO DATA — NOT FOR REAL-WORLD NAVIGATION,2026-09-21T13:29:46.813836
-64.5,14.5,58.5,1.25,Moderate Ice,DEMO DATA — NOT FOR REAL-WORLD NAVIGATION,2026-09-21T13:29:46.813836
-64.5,15.0,61.0,1.3,Moderate Ice,DEMO DATA — NOT FOR REAL-WORLD NAVIGATION,2026-09-21T13:29:46.813836
-64.5,15.5,68.0,1.42,Moderate Ice,DEMO DATA — NOT FOR REAL-WORLD NAVIGATION,2026-09-21T13:29:46.813836
-64.5,16.0,68.0,1.42,Moderate Ice,DEMO DATA — NOT FOR REAL-WORLD NAVIGATION,2026-09-21T13:29:46.813836
-64.5,16.5,70.4,1.47,High Ice,DEMO DATA — NOT FOR REAL-WORLD NAVIGATION,2026-09-21T13:29:46.813836
-64.5,17.0,63.1,1.34,Moderate Ice,DEMO DATA — NOT FOR REAL-WORLD NAVIGATION,2026-09-21T13:29:46.813836
-64.5,17.5,61.7,1.31,Moderate Ice,DEMO DATA — NOT FOR REAL-WORLD NAVIGATION,2026-09-21T13:29:46.813836
-64.5,18.0,66.4,1.4,Moderate Ice,DEMO DATA — NOT FOR REAL-WORLD NAVIGATION,2026-09-21T13:29:46.813836
-64.5,18.5,63.1,1.33,Moderate Ice,DEMO DATA — NOT FOR REAL-WORLD NAVIGATION,2026-09-21T13:29:46.813836
-64.5,19.0,61.4,1.31,Moderate Ice,DEMO DATA — NOT FOR REAL-WORLD NAVIGATION,2026-09-21T13:29:46.813836
-64.5,19.5,64.3,1.36,Moderate Ice,DEMO DATA — NOT FOR REAL-WORLD NAVIGATION,2026-09-21T13:29:46.813836
-64.5,20.0,70.4,1.47,High Ice,DEMO DATA — NOT FOR REAL-WORLD NAVIGATION,2026-09-21T13:29:46.813836
-64.5,20.5,65.2,1.37,Moderate Ice,DEMO DATA — NOT FOR REAL-WORLD NAVIGATION,2026-09-21T13:29:46.813836
-64.5,21.0,58.8,1.26,Moderate Ice,DEMO DATA — NOT FOR REAL-WORLD NAVIGATION,2026-09-21T13:29:46.813836
-64.5,21.5,63.8,1.35,Moderate Ice,DEMO DATA — NOT FOR REAL-WORLD NAVIGATION,2026-09-21T13:29:46.813836
-64.5,22.0,62.0,1.32,Moderate Ice,DEMO DATA — NOT FOR REAL-WORLD NAVIGATION,2026-09-21T13:29:46.813836
-64.0,0.0,56.1,1.21,Moderate Ice,DEMO DATA — NOT FOR REAL-WORLD NAVIGATION,2026-09-21T13:29:46.813836
-64.0,0.5,59.1,1.26,Moderate Ice,DEMO DATA — NOT FOR REAL-WORLD NAVIGATION,2026-09-21T13:29:46.813836
-64.0,1.0,53.2,1.16,Moderate Ice,DEMO DATA — NOT FOR REAL-WORLD NAVIGATION,2026-09-21T13:29:46.813836
-64.0,1.5,57.2,1.23,Moderate Ice,DEMO DATA — NOT FOR REAL-WORLD NAVIGATION,2026-09-21T13:29:46.813836
-64.0,2.0,58.6,1.26,Moderate Ice,DEMO DATA — NOT FOR REAL-WORLD NAVIGATION,2026-09-21T13:29:46.813836
-64.0,2.5,53.4,1.16,Moderate Ice,DEMO DATA — NOT FOR REAL-WORLD NAVIGATION,2026-09-21T13:29:46.813836
-64.0,3.0,54.9,1.19,Moderate Ice,DEMO DATA — NOT FOR REAL-WORLD NAVIGATION,2026-09-21T13:29:46.813836
-64.0,3.5,54.7,1.18,Moderate Ice,DEMO DATA — NOT FOR REAL-WORLD NAVIGATION,2026-09-21T13:29:46.813836
-64.0,4.0,57.5,1.24,Moderate Ice,DEMO DATA — NOT FOR REAL-WORLD NAVIGATION,2026-09-21T13:29:46.813836
-64.0,4.5,60.5,1.29,Moderate Ice,DEMO DATA — NOT FOR REAL-WORLD NAVIGATION,2026-09-21T13:29:46.813836
-64.0,5.0,65.6,1.38,Moderate Ice,DEMO DATA — NOT FOR REAL-WORLD NAVIGATION,2026-09-21T13:29:46.813836
-64.0,5.5,62.0,1.32,Moderate Ice,DEMO DATA — NOT FOR REAL-WORLD NAVIGATION,2026-09-21T13:29:46.813836
-64.0,6.0,68.2,1.43,Moderate Ice,DEMO DATA — NOT FOR REAL-WORLD NAVIGATION,2026-09-21T13:29:46.813836
-64.0,6.5,57.9,1.24,Moderate Ice,DEMO DATA — NOT FOR REAL-WORLD NAVIGATION,2026-09-21T13:29:46.813836
-64.0,7.0,67.9,1.42,Moderate Ice,DEMO DATA — NOT FOR REAL-WORLD NAVIGATION,2026-09-21T13:29:46.813836
-64.0,7.5,65.7,1.38,Moderate Ice,DEMO DATA — NOT FOR REAL-WORLD NAVIGATION,2026-09-21T13:29:46.813836
-64.0,8.0,57.7,1.24,Moderate Ice,DEMO DATA — NOT FOR REAL-WORLD NAVIGATION,2026-09-21T13:29:46.813836
-64.0,8.5,62.7,1.33,Moderate Ice,DEMO DATA — NOT FOR REAL-WORLD NAVIGATION,2026-09-21T13:29:46.813836
-64.0,9.0,58.8,1.26,Moderate Ice,DEMO DATA — NOT FOR REAL-WORLD NAVIGATION,2026-09-21T13:29:46.813836
-64.0,9.5,53.7,1.17,Moderate Ice,DEMO DATA — NOT FOR REAL-WORLD NAVIGATION,2026-09-21T13:29:46.813836
-64.0,10.0,57.4,1.23,Moderate Ice,DEMO DATA — NOT FOR REAL-WORLD NAVIGATION,2026-09-21T13:29:46.813836
-64.0,10.5,60.8,1.29,Moderate Ice,DEMO DATA — NOT FOR REAL-WORLD NAVIGATION,2026-09-21T13:29:46.813836
-64.0,11.0,60.3,1.29,Moderate Ice,DEMO DATA — NOT FOR REAL-WORLD NAVIGATION,2026-09-21T13:29:46.813836
-64.0,11.5,57.6,1.24,Moderate Ice,DEMO DATA — NOT FOR REAL-WORLD NAVIGATION,2026-09-21T13:29:46.813836
-64.0,12.0,62.8,1.33,Moderate Ice,DEMO DATA — NOT FOR REAL-WORLD NAVIGATION,2026-09-21T13:29:46.813836
-64.0,12.5,59.7,1.27,Moderate Ice,DEMO DATA — NOT FOR REAL-WORLD NAVIGATION,2026-09-21T13:29:46.813836
-64.0,13.0,59.8,1.28,Moderate Ice,DEMO DATA — NOT FOR REAL-WORLD NAVIGATION,2026-09-21T13:29:46.813836
-64.0,13.5,53.6,1.16,Moderate Ice,DEMO DATA — NOT FOR REAL-WORLD NAVIGATION,2026-09-21T13:29:46.813836
-64.0,14.0,60.2,1.28,Moderate Ice,DEMO DATA — NOT FOR REAL-WORLD NAVIGATION,2026-09-21T13:29:46.813836
-64.0,14.5,52.1,1.14,Moderate Ice,DEMO DATA — NOT FOR REAL-WORLD NAVIGATION,2026-09-21T13:29:46.813836
-64.0,15.0,54.0,1.17,Moderate Ice,DEMO DATA — NOT FOR REAL-WORLD NAVIGATION,2026-09-21T13:29:46.813836
-64.0,15.5,57.6,1.24,Moderate Ice,DEMO DATA — NOT FOR REAL-WORLD NAVIGATION,2026-09-21T13:29:46.813836
-64.0,16.0,56.4,1.21,Moderate Ice,DEMO DATA — NOT FOR REAL-WORLD NAVIGATION,2026-09-21T13:29:46.813836
-64.0,16.5,55.0,1.19,Moderate Ice,DEMO DATA — NOT FOR REAL-WORLD NAVIGATION,2026-09-21T13:29:46.813836
-64.0,17.0,61.4,1.31,Moderate Ice,DEMO DATA — NOT FOR REAL-WORLD NAVIGATION,2026-09-21T13:29:46.813836
-64.0,17.5,55.9,1.21,Moderate Ice,DEMO DATA — NOT FOR REAL-WORLD NAVIGATION,2026-09-21T13:29:46.813836
-64.0,18.0,60.0,1.28,Moderate Ice,DEMO DATA — NOT FOR REAL-WORLD NAVIGATION,2026-09-21T13:29:46.813836
-64.0,18.5,55.0,1.19,Moderate Ice,DEMO DATA — NOT FOR REAL-WORLD NAVIGATION,2026-09-21T13:29:46.813836
-64.0,19.0,53.7,1.17,Moderate Ice,DEMO DATA — NOT FOR REAL-WORLD NAVIGATION,2026-09-21T13:29:46.813836
-64.0,19.5,54.8,1.19,Moderate Ice,DEMO DATA — NOT FOR REAL-WORLD NAVIGATION,2026-09-21T13:29:46.813836
-64.0,20.0,54.9,1.19,Moderate Ice,DEMO DATA — NOT FOR REAL-WORLD NAVIGATION,2026-09-21T13:29:46.813836
-64.0,20.5,58.5,1.25,Moderate Ice,DEMO DATA — NOT FOR REAL-WORLD NAVIGATION,2026-09-21T13:29:46.813836
-64.0,21.0,56.9,1.22,Moderate Ice,DEMO DATA — NOT FOR REAL-WORLD NAVIGATION,2026-09-21T13:29:46.813836
-64.0,21.5,50.9,1.12,Moderate Ice,DEMO DATA — NOT FOR REAL-WORLD NAVIGATION,2026-09-21T13:29:46.813836
-64.0,22.0,57.7,1.24,Moderate Ice,DEMO DATA — NOT FOR REAL-WORLD NAVIGATION,2026-09-21T13:29:46.813836
-63.5,0.0,50.8,1.11,Moderate Ice,DEMO DATA — NOT FOR REAL-WORLD NAVIGATION,2026-09-21T13:29:46.813836
-63.5,0.5,51.3,1.12,Moderate Ice,DEMO DATA — NOT FOR REAL-WORLD NAVIGATION,2026-09-21T13:29:46.813836
-63.5,1.0,55.7,1.2,Moderate Ice,DEMO DATA — NOT FOR REAL-WORLD NAVIGATION,2026-09-21T13:29:46.813836
-63.5,1.5,55.7,1.2,Moderate Ice,DEMO DATA — NOT FOR REAL-WORLD NAVIGATION,2026-09-21T13:29:46.813836
-63.5,2.0,52.0,1.14,Moderate Ice,DEMO DATA — NOT FOR REAL-WORLD NAVIGATION,2026-09-21T13:29:46.813836
-63.5,2.5,48.9,1.08,Moderate Ice,DEMO DATA — NOT FOR REAL-WORLD NAVIGATION,2026-09-21T13:29:46.813836
-63.5,3.0,51.0,1.12,Moderate Ice,DEMO DATA — NOT FOR REAL-WORLD NAVIGATION,2026-09-21T13:29:46.813836
-63.5,3.5,56.1,1.21,Moderate Ice,DEMO DATA — NOT FOR REAL-WORLD NAVIGATION,2026-09-21T13:29:46.813836
-63.5,4.0,49.8,1.1,Moderate Ice,DEMO DATA — NOT FOR REAL-WORLD NAVIGATION,2026-09-21T13:29:46.813836
-63.5,4.5,54.8,1.19,Moderate Ice,DEMO DATA — NOT FOR REAL-WORLD NAVIGATION,2026-09-21T13:29:46.813836
-63.5,5.0,54.3,1.18,Moderate Ice,DEMO DATA — NOT FOR REAL-WORLD NAVIGATION,2026-09-21T13:29:46.813836
-63.5,5.5,52.8,1.15,Moderate Ice,DEMO DATA — NOT FOR REAL-WORLD NAVIGATION,2026-09-21T13:29:46.813836
-63.5,6.0,58.0,1.24,Moderate Ice,DEMO DATA — NOT FOR REAL-WORLD NAVIGATION,2026-09-21T13:29:46.813836
-63.5,6.5,55.5,1.2,Moderate Ice,DEMO DATA — NOT FOR REAL-WORLD NAVIGATION,2026-09-21T13:29:46.813836
-63.5,7.0,57.4,1.23,Moderate Ice,DEMO DATA — NOT FOR REAL-WORLD NAVIGATION,2026-09-21T13:29:46.813836
-63.5,7.5,54.1,1.17,Moderate Ice,DEMO DATA — NOT FOR REAL-WORLD NAVIGATION,2026-09-21T13:29:46.813836
-63.5,8.0,57.0,1.23,Moderate Ice,DEMO DATA — NOT FOR REAL-WORLD NAVIGATION,2026-09-21T13:29:46.813836
-63.5,8.5,52.5,1.14,Moderate Ice,DEMO DATA — NOT FOR REAL-WORLD NAVIGATION,2026-09-21T13:29:46.813836
-63.5,9.0,48.1,1.07,Moderate Ice,DEMO DATA — NOT FOR REAL-WORLD NAVIGATION,2026-09-21T13:29:46.813836
-63.5,9.5,50.6,1.11,Moderate Ice,DEMO DATA — NOT FOR REAL-WORLD NAVIGATION,2026-09-21T13:29:46.813836
-63.5,10.0,55.7,1.2,Moderate Ice,DEMO DATA — NOT FOR REAL-WORLD NAVIGATION,2026-09-21T13:29:46.813836
-63.5,10.5,50.9,1.12,Moderate Ice,DEMO DATA — NOT FOR REAL-WORLD NAVIGATION,2026-09-21T13:29:46.813836
-63.5,11.0,48.2,1.07,Moderate Ice,DEMO DATA — NOT FOR REAL-WORLD NAVIGATION,2026-09-21T13:29:46.813836
-63.5,11.5,50.6,1.11,Moderate Ice,DEMO DATA — NOT FOR REAL-WORLD NAVIGATION,2026-09-21T13:29:46.813836
-63.5,12.0,48.7,1.08,Moderate Ice,DEMO DATA — NOT FOR REAL-WORLD NAVIGATION,2026-09-21T13:29:46.813836
-63.5,12.5,52.6,1.15,Moderate Ice,DEMO DATA — NOT FOR REAL-WORLD NAVIGATION,2026-09-21T13:29:46.813836
-63.5,13.0,55.3,1.2,Moderate Ice,DEMO DATA — NOT FOR REAL-WORLD NAVIGATION,2026-09-21T13:29:46.813836
-63.5,13.5,54.9,1.19,Moderate Ice,DEMO DATA — NOT FOR REAL-WORLD NAVIGATION,2026-09-21T13:29:46.813836
-63.5,14.0,49.6,1.09,Moderate Ice,DEMO DATA — NOT FOR REAL-WORLD NAVIGATION,2026-09-21T13:29:46.813836
-63.5,14.5,51.0,1.12,Moderate Ice,DEMO DATA — NOT FOR REAL-WORLD NAVIGATION,2026-09-21T13:29:46.813836
-63.5,15.0,52.3,1.14,Moderate Ice,DEMO DATA — NOT FOR REAL-WORLD NAVIGATION,2026-09-21T13:29:46.813836
-63.5,15.5,50.6,1.11,Moderate Ice,DEMO DATA — NOT FOR REAL-WORLD NAVIGATION,2026-09-21T13:29:46.813836
-63.5,16.0,52.5,1.15,Moderate Ice,DEMO DATA — NOT FOR REAL-WORLD NAVIGATION,2026-09-21T13:29:46.813836
-63.5,16.5,52.4,1.14,Moderate Ice,DEMO DATA — NOT FOR REAL-WORLD NAVIGATION,2026-09-21T13:29:46.813836
-63.5,17.0,43.6,0.98,Moderate Ice,DEMO DATA — NOT FOR REAL-WORLD NAVIGATION,2026-09-21T13:29:46.813836
-63.5,17.5,50.0,1.1,Moderate Ice,DEMO DATA — NOT FOR REAL-WORLD NAVIGATION,2026-09-21T13:29:46.813836
-63.5,18.0,55.4,1.2,Moderate Ice,DEMO DATA — NOT FOR REAL-WORLD NAVIGATION,2026-09-21T13:29:46.813836
-63.5,18.5,51.8,1.13,Moderate Ice,DEMO DATA — NOT FOR REAL-WORLD NAVIGATION,2026-09-21T13:29:46.813836
-63.5,19.0,50.4,1.11,Moderate Ice,DEMO DATA — NOT FOR REAL-WORLD NAVIGATION,2026-09-21T13:29:46.813836
-63.5,19.5,52.8,1.15,Moderate Ice,DEMO DATA — NOT FOR REAL-WORLD NAVIGATION,2026-09-21T13:29:46.813836
-63.5,20.0,57.6,1.24,Moderate Ice,DEMO DATA — NOT FOR REAL-WORLD NAVIGATION,2026-09-21T13:29:46.813836
-63.5,20.5,48.2,1.07,Moderate Ice,DEMO DATA — NOT FOR REAL-WORLD NAVIGATION,2026-09-21T13:29:46.813836
-63.5,21.0,48.3,1.07,Moderate Ice,DEMO DATA — NOT FOR REAL-WORLD NAVIGATION,2026-09-21T13:29:46.813836
-63.5,21.5,54.0,1.17,Moderate Ice,DEMO DATA — NOT FOR REAL-WORLD NAVIGATION,2026-09-21T13:29:46.813836
-63.5,22.0,53.4,1.16,Moderate Ice,DEMO DATA — NOT FOR REAL-WORLD NAVIGATION,2026-09-21T13:29:46.813836
-63.0,0.0,42.5,0.97,Moderate Ice,DEMO DATA — NOT FOR REAL-WORLD NAVIGATION,2026-09-21T13:29:46.813836
-63.0,0.5,38.0,0.88,Low Ice,DEMO DATA — NOT FOR REAL-WORLD NAVIGATION,2026-09-21T13:29:46.813836
-63.0,1.0,43.7,0.99,Moderate Ice,DEMO DATA — NOT FOR REAL-WORLD NAVIGATION,2026-09-21T13:29:46.813836
-63.0,1.5,45.8,1.02,Moderate Ice,DEMO DATA — NOT FOR REAL-WORLD NAVIGATION,2026-09-21T13:29:46.813836
-63.0,2.0,40.4,0.93,Moderate Ice,DEMO DATA — NOT FOR REAL-WORLD NAVIGATION,2026-09-21T13:29:46.813836
-63.0,2.5,45.3,1.02,Moderate Ice,DEMO DATA — NOT FOR REAL-WORLD NAVIGATION,2026-09-21T13:29:46.813836
-63.0,3.0,46.2,1.03,Moderate Ice,DEMO DATA — NOT FOR REAL-WORLD NAVIGATION,2026-09-21T13:29:46.813836
-63.0,3.5,44.6,1.0,Moderate Ice,DEMO DATA — NOT FOR REAL-WORLD NAVIGATION,2026-09-21T13:29:46.813836
-63.0,4.0,49.4,1.09,Moderate Ice,DEMO DATA — NOT FOR REAL-WORLD NAVIGATION,2026-09-21T13:29:46.813836
-63.0,4.5,49.1,1.08,Moderate Ice,DEMO DATA — NOT FOR REAL-WORLD NAVIGATION,2026-09-21T13:29:46.813836
-63.0,5.0,43.5,0.98,Moderate Ice,DEMO DATA — NOT FOR REAL-WORLD NAVIGATION,2026-09-21T13:29:46.813836
-63.0,5.5,50.3,1.11,Moderate Ice,DEMO DATA — NOT FOR REAL-WORLD NAVIGATION,2026-09-21T13:29:46.813836
-63.0,6.0,51.5,1.13,Moderate Ice,DEMO DATA — NOT FOR REAL-WORLD NAVIGATION,2026-09-21T13:29:46.813836
-63.0,6.5,51.1,1.12,Moderate Ice,DEMO DATA — NOT FOR REAL-WORLD NAVIGATION,2026-09-21T13:29:46.813836
-63.0,7.0,42.5,0.96,Moderate Ice,DEMO DATA — NOT FOR REAL-WORLD NAVIGATION,2026-09-21T13:29:46.813836
-63.0,7.5,38.2,0.89,Low Ice,DEMO DATA — NOT FOR REAL-WORLD NAVIGATION,2026-09-21T13:29:46.813836
-63.0,8.0,49.2,1.09,Moderate Ice,DEMO DATA — NOT FOR REAL-WORLD NAVIGATION,2026-09-21T13:29:46.813836
-63.0,8.5,42.9,0.97,Moderate Ice,DEMO DATA — NOT FOR REAL-WORLD NAVIGATION,2026-09-21T13:29:46.813836
-63.0,9.0,44.6,1.0,Moderate Ice,DEMO DATA — NOT FOR REAL-WORLD NAVIGATION,2026-09-21T13:29:46.813836
-63.0,9.5,44.8,1.01,Moderate Ice,DEMO DATA — NOT FOR REAL-WORLD NAVIGATION,2026-09-21T13:29:46.813836
-63.0,10.0,46.8,1.04,Moderate Ice,DEMO DATA — NOT FOR REAL-WORLD NAVIGATION,2026-09-21T13:29:46.813836
-63.0,10.5,50.2,1.1,Moderate Ice,DEMO DATA — NOT FOR REAL-WORLD NAVIGATION,2026-09-21T13:29:46.813836
-63.0,11.0,43.4,0.98,Moderate Ice,DEMO DATA — NOT FOR REAL-WORLD NAVIGATION,2026-09-21T13:29:46.813836
-63.0,11.5,47.4,1.05,Moderate Ice,DEMO DATA — NOT FOR REAL-WORLD NAVIGATION,2026-09-21T13:29:46.813836
-63.0,12.0,49.5,1.09,Moderate Ice,DEMO DATA — NOT FOR REAL-WORLD NAVIGATION,2026-09-21T13:29:46.813836
-63.0,12.5,40.8,0.94,Moderate Ice,DEMO DATA — NOT FOR REAL-WORLD NAVIGATION,2026-09-21T13:29:46.813836
-63.0,13.0,42.9,0.97,Moderate Ice,DEMO DATA — NOT FOR REAL-WORLD NAVIGATION,2026-09-21T13:29:46.813836
-63.0,13.5,44.6,1.0,Moderate Ice,DEMO DATA — NOT FOR REAL-WORLD NAVIGATION,2026-09-21T13:29:46.813836
-63.0,14.0,42.3,0.96,Moderate Ice,DEMO DATA — NOT FOR REAL-WORLD NAVIGATION,2026-09-21T13:29:46.813836
-63.0,14.5,47.4,1.05,Moderate Ice,DEMO DATA — NOT FOR REAL-WORLD NAVIGATION,2026-09-21T13:29:46.813836
-63.0,15.0,46.0,1.03,Moderate Ice,DEMO DATA — NOT FOR REAL-WORLD NAVIGATION,2026-09-21T13:29:46.813836
-63.0,15.5,45.0,1.01,Moderate Ice,DEMO DATA — NOT FOR REAL-WORLD NAVIGATION,2026-09-21T13:29:46.813836
-63.0,16.0,45.1,1.01,Moderate Ice,DEMO DATA — NOT FOR REAL-WORLD NAVIGATION,2026-09-21T13:29:46.813836
-63.0,16.5,42.1,0.96,Moderate Ice,DEMO DATA — NOT FOR REAL-WORLD NAVIGATION,2026-09-21T13:29:46.813836
-63.0,17.0,45.5,1.02,Moderate Ice,DEMO DATA — NOT FOR REAL-WORLD NAVIGATION,2026-09-21T13:29:46.813836
-63.0,17.5,51.8,1.13,Moderate Ice,DEMO DATA — NOT FOR REAL-WORLD NAVIGATION,2026-09-21T13:29:46.813836
-63.0,18.0,50.5,1.11,Moderate Ice,DEMO DATA — NOT FOR REAL-WORLD NAVIGATION,2026-09-21T13:29:46.813836
-63.0,18.5,44.1,0.99,Moderate Ice,DEMO DATA — NOT FOR REAL-WORLD NAVIGATION,2026-09-21T13:29:46.813836
-63.0,19.0,43.2,0.98,Moderate Ice,DEMO DATA — NOT FOR REAL-WORLD NAVIGATION,2026-09-21T13:29:46.813836
-63.0,19.5,48.8,1.08,Moderate Ice,DEMO DATA — NOT FOR REAL-WORLD NAVIGATION,2026-09-21T13:29:46.813836
-63.0,20.0,48.8,1.08,Moderate Ice,DEMO DATA — NOT FOR REAL-WORLD NAVIGATION,2026-09-21T13:29:46.813836
-63.0,20.5,47.4,1.05,Moderate Ice,DEMO DATA — NOT FOR REAL-WORLD NAVIGATION,2026-09-21T13:29:46.813836
-63.0,21.0,44.2,1.0,Moderate Ice,DEMO DATA — NOT FOR REAL-WORLD NAVIGATION,2026-09-21T13:29:46.813836
-63.0,21.5,45.5,1.02,Moderate Ice,DEMO DATA — NOT FOR REAL-WORLD NAVIGATION,2026-09-21T13:29:46.813836
-63.0,22.0,44.8,1.01,Moderate Ice,DEMO DATA — NOT FOR REAL-WORLD NAVIGATION,2026-09-21T13:29:46.813836
-62.5,0.0,45.9,1.03,Moderate Ice,DEMO DATA — NOT FOR REAL-WORLD NAVIGATION,2026-09-21T13:29:46.813836
-62.5,0.5,42.4,0.96,Moderate Ice,DEMO DATA — NOT FOR REAL-WORLD NAVIGATION,2026-09-21T13:29:46.813836
-62.5,1.0,36.4,0.86,Low Ice,DEMO DATA — NOT FOR REAL-WORLD NAVIGATION,2026-09-21T13:29:46.813836
-62.5,1.5,40.6,0.93,Moderate Ice,DEMO DATA — NOT FOR REAL-WORLD NAVIGATION,2026-09-21T13:29:46.813836
-62.5,2.0,34.5,0.82,Low Ice,DEMO DATA — NOT FOR REAL-WORLD NAVIGATION,2026-09-21T13:29:46.813836
-62.5,2.5,40.2,0.92,Moderate Ice,DEMO DATA — NOT FOR REAL-WORLD NAVIGATION,2026-09-21T13:29:46.813836
-62.5,3.0,34.3,0.82,Low Ice,DEMO DATA — NOT FOR REAL-WORLD NAVIGATION,2026-09-21T13:29:46.813836
-62.5,3.5,44.5,1.0,Moderate Ice,DEMO DATA — NOT FOR REAL-WORLD NAVIGATION,2026-09-21T13:29:46.813836
-62.5,4.0,33.4,0.8,Low Ice,DEMO DATA — NOT FOR REAL-WORLD NAVIGATION,2026-09-21T13:29:46.813836
-62.5,4.5,40.7,0.93,Moderate Ice,DEMO DATA — NOT FOR REAL-WORLD NAVIGATION,2026-09-21T13:29:46.813836
-62.5,5.0,37.7,0.88,Low Ice,DEMO DATA — NOT FOR REAL-WORLD NAVIGATION,2026-09-21T13:29:46.813836
-62.5,5.5,40.0,0.92,Low Ice,DEMO DATA — NOT FOR REAL-WORLD NAVIGATION,2026-09-21T13:29:46.813836
-62.5,6.0,43.7,0.99,Moderate Ice,DEMO DATA — NOT FOR REAL-WORLD NAVIGATION,2026-09-21T13:29:46.813836
-62.5,6.5,35.6,0.84,Low Ice,DEMO DATA — NOT FOR REAL-WORLD NAVIGATION,2026-09-21T13:29:46.813836
-62.5,7.0,40.3,0.92,Moderate Ice,DEMO DATA — NOT FOR REAL-WORLD NAVIGATION,2026-09-21T13:29:46.813836
-62.5,7.5,35.3,0.83,Low Ice,DEMO DATA — NOT FOR REAL-WORLD NAVIGATION,2026-09-21T13:29:46.813836
-62.5,8.0,37.2,0.87,Low Ice,DEMO DATA — NOT FOR REAL-WORLD NAVIGATION,2026-09-21T13:29:46.813836
-62.5,8.5,39.2,0.91,Low Ice,DEMO DATA — NOT FOR REAL-WORLD NAVIGATION,2026-09-21T13:29:46.813836
-62.5,9.0,46.5,1.04,Moderate Ice,DEMO DATA — NOT FOR REAL-WORLD NAVIGATION,2026-09-21T13:29:46.813836
-62.5,9.5,41.0,0.94,Moderate Ice,DEMO DATA — NOT FOR REAL-WORLD NAVIGATION,2026-09-21T13:29:46.813836
-62.5,10.0,38.5,0.89,Low Ice,DEMO DATA — NOT FOR REAL-WORLD NAVIGATION,2026-09-21T13:29:46.813836
-62.5,10.5,38.3,0.89,Low Ice,DEMO DATA — NOT FOR REAL-WORLD NAVIGATION,2026-09-21T13:29:46.813836
-62.5,11.0,43.8,0.99,Moderate Ice,DEMO DATA — NOT FOR REAL-WORLD NAVIGATION,2026-09-21T13:29:46.813836
-62.5,11.5,43.5,0.98,Moderate Ice,DEMO DATA — NOT FOR REAL-WORLD NAVIGATION,2026-09-21T13:29:46.813836
-62.5,12.0,41.7,0.95,Moderate Ice,DEMO DATA — NOT FOR REAL-WORLD NAVIGATION,2026-09-21T13:29:46.813836
-62.5,12.5,38.9,0.9,Low Ice,DEMO DATA — NOT FOR REAL-WORLD NAVIGATION,2026-09-21T13:29:46.813836
-62.5,13.0,39.4,0.91,Low Ice,DEMO DATA — NOT FOR REAL-WORLD NAVIGATION,2026-09-21T13:29:46.813836
-62.5,13.5,40.6,0.93,Moderate Ice,DEMO DATA — NOT FOR REAL-WORLD NAVIGATION,2026-09-21T13:29:46.813836
-62.5,14.0,42.1,0.96,Moderate Ice,DEMO DATA — NOT FOR REAL-WORLD NAVIGATION,2026-09-21T13:29:46.813836
-62.5,14.5,45.4,1.02,Moderate Ice,DEMO DATA — NOT FOR REAL-WORLD NAVIGATION,2026-09-21T13:29:46.813836
-62.5,15.0,34.2,0.82,Low Ice,DEMO DATA — NOT FOR REAL-WORLD NAVIGATION,2026-09-21T13:29:46.813836
-62.5,15.5,39.1,0.9,Low Ice,DEMO DATA — NOT FOR REAL-WORLD NAVIGATION,2026-09-21T13:29:46.813836
-62.5,16.0,37.7,0.88,Low Ice,DEMO DATA — NOT FOR REAL-WORLD NAVIGATION,2026-09-21T13:29:46.813836
-62.5,16.5,33.9,0.81,Low Ice,DEMO DATA — NOT FOR REAL-WORLD NAVIGATION,2026-09-21T13:29:46.813836
-62.5,17.0,38.5,0.89,Low Ice,DEMO DATA — NOT FOR REAL-WORLD NAVIGATION,2026-09-21T13:29:46.813836
-62.5,17.5,38.6,0.89,Low Ice,DEMO DATA — NOT FOR REAL-WORLD NAVIGATION,2026-09-21T13:29:46.813836
-62.5,18.0,36.9,0.86,Low Ice,DEMO DATA — NOT FOR REAL-WORLD NAVIGATION,2026-09-21T13:29:46.813836
-62.5,18.5,35.1,0.83,Low Ice,DEMO DATA — NOT FOR REAL-WORLD NAVIGATION,2026-09-21T13:29:46.813836
-62.5,19.0,38.5,0.89,Low Ice,DEMO DATA — NOT FOR REAL-WORLD NAVIGATION,2026-09-21T13:29:46.813836
-62.5,19.5,37.2,0.87,Low Ice,DEMO DATA — NOT FOR REAL-WORLD NAVIGATION,2026-09-21T13:29:46.813836
-62.5,20.0,38.7,0.9,Low Ice,DEMO DATA — NOT FOR REAL-WORLD NAVIGATION,2026-09-21T13:29:46.813836
-62.5,20.5,37.8,0.88,Low Ice,DEMO DATA — NOT FOR REAL-WORLD NAVIGATION,2026-09-21T13:29:46.813836
-62.5,21.0,39.1,0.9,Low Ice,DEMO DATA — NOT FOR REAL-WORLD NAVIGATION,2026-09-21T13:29:46.813836
-62.5,21.5,37.4,0.87,Low Ice,DEMO DATA — NOT FOR REAL-WORLD NAVIGATION,2026-09-21T13:29:46.813836
-62.5,22.0,41.3,0.94,Moderate Ice,DEMO DATA — NOT FOR REAL-WORLD NAVIGATION,2026-09-21T13:29:46.813836
-62.0,0.0,34.1,0.81,Low Ice,DEMO DATA — NOT FOR REAL-WORLD NAVIGATION,2026-09-21T13:29:46.813836
-62.0,0.5,29.5,0.73,Low Ice,DEMO DATA — NOT FOR REAL-WORLD NAVIGATION,2026-09-21T13:29:46.813836
-62.0,1.0,30.5,0.75,Low Ice,DEMO DATA — NOT FOR REAL-WORLD NAVIGATION,2026-09-21T13:29:46.813836
-62.0,1.5,32.1,0.78,Low Ice,DEMO DATA — NOT FOR REAL-WORLD NAVIGATION,2026-09-21T13:29:46.813836
-62.0,2.0,39.2,0.91,Low Ice,DEMO DATA — NOT FOR REAL-WORLD NAVIGATION,2026-09-21T13:29:46.813836
-62.0,2.5,36.1,0.85,Low Ice,DEMO DATA — NOT FOR REAL-WORLD NAVIGATION,2026-09-21T13:29:46.813836
-62.0,3.0,38.2,0.89,Low Ice,DEMO DATA — NOT FOR REAL-WORLD NAVIGATION,2026-09-21T13:29:46.813836
-62.0,3.5,38.2,0.89,Low Ice,DEMO DATA — NOT FOR REAL-WORLD NAVIGATION,2026-09-21T13:29:46.813836
-62.0,4.0,34.0,0.81,Low Ice,DEMO DATA — NOT FOR REAL-WORLD NAVIGATION,2026-09-21T13:29:46.813836
-62.0,4.5,31.3,0.76,Low Ice,DEMO DATA — NOT FOR REAL-WORLD NAVIGATION,2026-09-21T13:29:46.813836
-62.0,5.0,27.8,0.7,Low Ice,DEMO DATA — NOT FOR REAL-WORLD NAVIGATION,2026-09-21T13:29:46.813836
-62.0,5.5,32.9,0.79,Low Ice,DEMO DATA — NOT FOR REAL-WORLD NAVIGATION,2026-09-21T13:29:46.813836
-62.0,6.0,35.1,0.83,Low Ice,DEMO DATA — NOT FOR REAL-WORLD NAVIGATION,2026-09-21T13:29:46.813836
-62.0,6.5,34.9,0.83,Low Ice,DEMO DATA — NOT FOR REAL-WORLD NAVIGATION,2026-09-21T13:29:46.813836
-62.0,7.0,37.8,0.88,Low Ice,DEMO DATA — NOT FOR REAL-WORLD NAVIGATION,2026-09-21T13:29:46.813836
-62.0,7.5,35.4,0.84,Low Ice,DEMO DATA — NOT FOR REAL-WORLD NAVIGATION,2026-09-21T13:29:46.813836
-62.0,8.0,37.1,0.87,Low Ice,DEMO DATA — NOT FOR REAL-WORLD NAVIGATION,2026-09-21T13:29:46.813836
-62.0,8.5,32.1,0.78,Low Ice,DEMO DATA — NOT FOR REAL-WORLD NAVIGATION,2026-09-21T13:29:46.813836
-62.0,9.0,39.6,0.91,Low Ice,DEMO DATA — NOT FOR REAL-WORLD NAVIGATION,2026-09-21T13:29:46.813836
-62.0,9.5,31.2,0.76,Low Ice,DEMO DATA — NOT FOR REAL-WORLD NAVIGATION,2026-09-21T13:29:46.813836
-62.0,10.0,27.8,0.7,Low Ice,DEMO DATA — NOT FOR REAL-WORLD NAVIGATION,2026-09-21T13:29:46.813836
-62.0,10.5,31.8,0.77,Low Ice,DEMO DATA — NOT FOR REAL-WORLD NAVIGATION,2026-09-21T13:29:46.813836
-62.0,11.0,32.1,0.78,Low Ice,DEMO DATA — NOT FOR REAL-WORLD NAVIGATION,2026-09-21T13:29:46.813836
-62.0,11.5,31.1,0.76,Low Ice,DEMO DATA — NOT FOR REAL-WORLD NAVIGATION,2026-09-21T13:29:46.813836
-62.0,12.0,37.6,0.88,Low Ice,DEMO DATA — NOT FOR REAL-WORLD NAVIGATION,2026-09-21T13:29:46.813836
-62.0,12.5,37.3,0.87,Low Ice,DEMO DATA — NOT FOR REAL-WORLD NAVIGATION,2026-09-21T13:29:46.813836
-62.0,13.0,36.1,0.85,Low Ice,DEMO DATA — NOT FOR REAL-WORLD NAVIGATION,2026-09-21T13:29:46.813836
-62.0,13.5,35.4,0.84,Low Ice,DEMO DATA — NOT FOR REAL-WORLD NAVIGATION,2026-09-21T13:29:46.813836
-62.0,14.0,34.9,0.83,Low Ice,DEMO DATA — NOT FOR REAL-WORLD NAVIGATION,2026-09-21T13:29:46.813836
-62.0,14.5,30.9,0.76,Low Ice,DEMO DATA — NOT FOR REAL-WORLD NAVIGATION,2026-09-21T13:29:46.813836
-62.0,15.0,34.8,0.83,Low Ice,DEMO DATA — NOT FOR REAL-WORLD NAVIGATION,2026-09-21T13:29:46.813836
-62.0,15.5,33.9,0.81,Low Ice,DEMO DATA — NOT FOR REAL-WORLD NAVIGATION,2026-09-21T13:29:46.813836
-62.0,16.0,36.4,0.86,Low Ice,DEMO DATA — NOT FOR REAL-WORLD NAVIGATION,2026-09-21T13:29:46.813836
-62.0,16.5,35.2,0.83,Low Ice,DEMO DATA — NOT FOR REAL-WORLD NAVIGATION,2026-09-21T13:29:46.813836
-62.0,17.0,32.1,0.78,Low Ice,DEMO DATA — NOT FOR REAL-WORLD NAVIGATION,2026-09-21T13:29:46.813836
-62.0,17.5,27.4,0.69,Low Ice,DEMO DATA — NOT FOR REAL-WORLD NAVIGATION,2026-09-21T13:29:46.813836
-62.0,18.0,30.0,0.74,Low Ice,DEMO DATA — NOT FOR REAL-WORLD NAVIGATION,2026-09-21T13:29:46.813836
-62.0,18.5,33.5,0.8,Low Ice,DEMO DATA — NOT FOR REAL-WORLD NAVIGATION,2026-09-21T13:29:46.813836
-62.0,19.0,32.8,0.79,Low Ice,DEMO DATA — NOT FOR REAL-WORLD NAVIGATION,2026-09-21T13:29:46.813836
-62.0,19.5,27.6,0.7,Low Ice,DEMO DATA — NOT FOR REAL-WORLD NAVIGATION,2026-09-21T13:29:46.813836
-62.0,20.0,34.6,0.82,Low Ice,DEMO DATA — NOT FOR REAL-WORLD NAVIGATION,2026-09-21T13:29:46.813836
-62.0,20.5,32.0,0.78,Low Ice,DEMO DATA — NOT FOR REAL-WORLD NAVIGATION,2026-09-21T13:29:46.813836
-62.0,21.0,31.7,0.77,Low Ice,DEMO DATA — NOT FOR REAL-WORLD NAVIGATION,2026-09-21T13:29:46.813836
-62.0,21.5,36.6,0.86,Low Ice,DEMO DATA — NOT FOR REAL-WORLD NAVIGATION,2026-09-21T13:29:46.813836
-62.0,22.0,33.6,0.8,Low Ice,DEMO DATA — NOT FOR REAL-WORLD NAVIGATION,2026-09-21T13:29:46.813836
-61.5,0.0,24.4,0.64,Low Ice,DEMO DATA — NOT FOR REAL-WORLD NAVIGATION,2026-09-21T13:29:46.813836
-61.5,0.5,32.9,0.79,Low Ice,DEMO DATA — NOT FOR REAL-WORLD NAVIGATION,2026-09-21T13:29:46.813836
-61.5,1.0,27.9,0.7,Low Ice,DEMO DATA — NOT FOR REAL-WORLD NAVIGATION,2026-09-21T13:29:46.813836
-61.5,1.5,30.1,0.74,Low Ice,DEMO DATA — NOT FOR REAL-WORLD NAVIGATION,2026-09-21T13:29:46.813836
-61.5,2.0,32.2,0.78,Low Ice,DEMO DATA — NOT FOR REAL-WORLD NAVIGATION,2026-09-21T13:29:46.813836
-61.5,2.5,25.4,0.66,Low Ice,DEMO DATA — NOT FOR REAL-WORLD NAVIGATION,2026-09-21T13:29:46.813836
-61.5,3.0,31.2,0.76,Low Ice,DEMO DATA — NOT FOR REAL-WORLD NAVIGATION,2026-09-21T13:29:46.813836
-61.5,3.5,29.9,0.74,Low Ice,DEMO DATA — NOT FOR REAL-WORLD NAVIGATION,2026-09-21T13:29:46.813836
-61.5,4.0,29.0,0.72,Low Ice,DEMO DATA — NOT FOR REAL-WORLD NAVIGATION,2026-09-21T13:29:46.813836
-61.5,4.5,28.1,0.71,Low Ice,DEMO DATA — NOT FOR REAL-WORLD NAVIGATION,2026-09-21T13:29:46.813836
-61.5,5.0,32.6,0.79,Low Ice,DEMO DATA — NOT FOR REAL-WORLD NAVIGATION,2026-09-21T13:29:46.813836
-61.5,5.5,27.3,0.69,Low Ice,DEMO DATA — NOT FOR REAL-WORLD NAVIGATION,2026-09-21T13:29:46.813836
-61.5,6.0,26.5,0.68,Low Ice,DEMO DATA — NOT FOR REAL-WORLD NAVIGATION,2026-09-21T13:29:46.813836
-61.5,6.5,36.1,0.85,Low Ice,DEMO DATA — NOT FOR REAL-WORLD NAVIGATION,2026-09-21T13:29:46.813836
-61.5,7.0,26.8,0.68,Low Ice,DEMO DATA — NOT FOR REAL-WORLD NAVIGATION,2026-09-21T13:29:46.813836
-61.5,7.5,25.9,0.67,Low Ice,DEMO DATA — NOT FOR REAL-WORLD NAVIGATION,2026-09-21T13:29:46.813836
-61.5,8.0,28.3,0.71,Low Ice,DEMO DATA — NOT FOR REAL-WORLD NAVIGATION,2026-09-21T13:29:46.813836
-61.5,8.5,24.4,0.64,Low Ice,DEMO DATA — NOT FOR REAL-WORLD NAVIGATION,2026-09-21T13:29:46.813836
-61.5,9.0,24.7,0.64,Low Ice,DEMO DATA — NOT FOR REAL-WORLD NAVIGATION,2026-09-21T13:29:46.813836
-61.5,9.5,29.4,0.73,Low Ice,DEMO DATA — NOT FOR REAL-WORLD NAVIGATION,2026-09-21T13:29:46.813836
-61.5,10.0,22.6,0.61,Low Ice,DEMO DATA — NOT FOR REAL-WORLD NAVIGATION,2026-09-21T13:29:46.813836
-61.5,10.5,23.7,0.63,Low Ice,DEMO DATA — NOT FOR REAL-WORLD NAVIGATION,2026-09-21T13:29:46.813836
-61.5,11.0,30.3,0.75,Low Ice,DEMO DATA — NOT FOR REAL-WORLD NAVIGATION,2026-09-21T13:29:46.813836
-61.5,11.5,38.1,0.89,Low Ice,DEMO DATA — NOT FOR REAL-WORLD NAVIGATION,2026-09-21T13:29:46.813836
-61.5,12.0,25.2,0.65,Low Ice,DEMO DATA — NOT FOR REAL-WORLD NAVIGATION,2026-09-21T13:29:46.813836
-61.5,12.5,25.4,0.66,Low Ice,DEMO DATA — NOT FOR REAL-WORLD NAVIGATION,2026-09-21T13:29:46.813836
-61.5,13.0,23.5,0.62,Low Ice,DEMO DATA — NOT FOR REAL-WORLD NAVIGATION,2026-09-21T13:29:46.813836
-61.5,13.5,28.6,0.72,Low Ice,DEMO DATA — NOT FOR REAL-WORLD NAVIGATION,2026-09-21T13:29:46.813836
-61.5,14.0,30.6,0.75,Low Ice,DEMO DATA — NOT FOR REAL-WORLD NAVIGATION,2026-09-21T13:29:46.813836
-61.5,14.5,31.0,0.76,Low Ice,DEMO DATA — NOT FOR REAL-WORLD NAVIGATION,2026-09-21T13:29:46.813836
-61.5,15.0,28.4,0.71,Low Ice,DEMO DATA — NOT FOR REAL-WORLD NAVIGATION,2026-09-21T13:29:46.813836
-61.5,15.5,31.2,0.76,Low Ice,DEMO DATA — NOT FOR REAL-WORLD NAVIGATION,2026-09-21T13:29:46.813836
-61.5,16.0,27.4,0.69,Low Ice,DEMO DATA — NOT FOR REAL-WORLD NAVIGATION,2026-09-21T13:29:46.813836
-61.5,16.5,22.3,0.6,Low Ice,DEMO DATA — NOT FOR REAL-WORLD NAVIGATION,2026-09-21T13:29:46.813836
-61.5,17.0,32.2,0.78,Low Ice,DEMO DATA — NOT FOR REAL-WORLD NAVIGATION,2026-09-21T13:29:46.813836
-61.5,17.5,28.1,0.71,Low Ice,DEMO DATA — NOT FOR REAL-WORLD NAVIGATION,2026-09-21T13:29:46.813836
-61.5,18.0,26.6,0.68,Low Ice,DEMO DATA — NOT FOR REAL-WORLD NAVIGATION,2026-09-21T13:29:46.813836
-61.5,18.5,24.9,0.65,Low Ice,DEMO DATA — NOT FOR REAL-WORLD NAVIGATION,2026-09-21T13:29:46.813836
-61.5,19.0,31.9,0.77,Low Ice,DEMO DATA — NOT FOR REAL-WORLD NAVIGATION,2026-09-21T13:29:46.813836
-61.5,19.5,31.3,0.76,Low Ice,DEMO DATA — NOT FOR REAL-WORLD NAVIGATION,2026-09-21T13:29:46.813836
-61.5,20.0,26.5,0.68,Low Ice,DEMO DATA — NOT FOR REAL-WORLD NAVIGATION,2026-09-21T13:29:46.813836
-61.5,20.5,24.8,0.65,Low Ice,DEMO DATA — NOT FOR REAL-WORLD NAVIGATION,2026-09-21T13:29:46.813836
-61.5,21.0,26.1,0.67,Low Ice,DEMO DATA — NOT FOR REAL-WORLD NAVIGATION,2026-09-21T13:29:46.813836
-61.5,21.5,27.2,0.69,Low Ice,DEMO DATA — NOT FOR REAL-WORLD NAVIGATION,2026-09-21T13:29:46.813836
-61.5,22.0,30.5,0.75,Low Ice,DEMO DATA — NOT FOR REAL-WORLD NAVIGATION,2026-09-21T13:29:46.813836
-61.0,0.0,18.9,0.54,Low Ice,DEMO DATA — NOT FOR REAL-WORLD NAVIGATION,2026-09-21T13:29:46.813836
-61.0,0.5,21.6,0.59,Low Ice,DEMO DATA — NOT FOR REAL-WORLD NAVIGATION,2026-09-21T13:29:46.813836
-61.0,1.0,23.9,0.63,Low Ice,DEMO DATA — NOT FOR REAL-WORLD NAVIGATION,2026-09-21T13:29:46.813836
-61.0,1.5,27.4,0.69,Low Ice,DEMO DATA — NOT FOR REAL-WORLD NAVIGATION,2026-09-21T13:29:46.813836
-61.0,2.0,24.4,0.64,Low Ice,DEMO DATA — NOT FOR REAL-WORLD NAVIGATION,2026-09-21T13:29:46.813836
-61.0,2.5,23.7,0.63,Low Ice,DEMO DATA — NOT FOR REAL-WORLD NAVIGATION,2026-09-21T13:29:46.813836
-61.0,3.0,24.5,0.64,Low Ice,DEMO DATA — NOT FOR REAL-WORLD NAVIGATION,2026-09-21T13:29:46.813836
-61.0,3.5,20.9,0.58,Low Ice,DEMO DATA — NOT FOR REAL-WORLD NAVIGATION,2026-09-21T13:29:46.813836
-61.0,4.0,23.1,0.62,Low Ice,DEMO DATA — NOT FOR REAL-WORLD NAVIGATION,2026-09-21T13:29:46.813836
-61.0,4.5,24.0,0.63,Low Ice,DEMO DATA — NOT FOR REAL-WORLD NAVIGATION,2026-09-21T13:29:46.813836
-61.0,5.0,19.4,0.55,Low Ice,DEMO DATA — NOT FOR REAL-WORLD NAVIGATION,2026-09-21T13:29:46.813836
-61.0,5.5,21.2,0.58,Low Ice,DEMO DATA — NOT FOR REAL-WORLD NAVIGATION,2026-09-21T13:29:46.813836
-61.0,6.0,22.2,0.6,Low Ice,DEMO DATA — NOT FOR REAL-WORLD NAVIGATION,2026-09-21T13:29:46.813836
-61.0,6.5,32.4,0.78,Low Ice,DEMO DATA — NOT FOR REAL-WORLD NAVIGATION,2026-09-21T13:29:46.813836
-61.0,7.0,18.7,0.54,Low Ice,DEMO DATA — NOT FOR REAL-WORLD NAVIGATION,2026-09-21T13:29:46.813836
-61.0,7.5,27.2,0.69,Low Ice,DEMO DATA — NOT FOR REAL-WORLD NAVIGATION,2026-09-21T13:29:46.813836
-61.0,8.0,26.6,0.68,Low Ice,DEMO DATA — NOT FOR REAL-WORLD NAVIGATION,2026-09-21T13:29:46.813836
-61.0,8.5,22.5,0.61,Low Ice,DEMO DATA — NOT FOR REAL-WORLD NAVIGATION,2026-09-21T13:29:46.813836
-61.0,9.0,24.8,0.65,Low Ice,DEMO DATA — NOT FOR REAL-WORLD NAVIGATION,2026-09-21T13:29:46.813836
-61.0,9.5,22.6,0.61,Low Ice,DEMO DATA — NOT FOR REAL-WORLD NAVIGATION,2026-09-21T13:29:46.813836
-61.0,10.0,22.0,0.6,Low Ice,DEMO DATA — NOT FOR REAL-WORLD NAVIGATION,2026-09-21T13:29:46.813836
-61.0,10.5,24.9,0.65,Low Ice,DEMO DATA — NOT FOR REAL-WORLD NAVIGATION,2026-09-21T13:29:46.813836
-61.0,11.0,23.6,0.62,Low Ice,DEMO DATA — NOT FOR REAL-WORLD NAVIGATION,2026-09-21T13:29:46.813836
-61.0,11.5,21.3,0.58,Low Ice,DEMO DATA — NOT FOR REAL-WORLD NAVIGATION,2026-09-21T13:29:46.813836
-61.0,12.0,23.2,0.62,Low Ice,DEMO DATA — NOT FOR REAL-WORLD NAVIGATION,2026-09-21T13:29:46.813836
-61.0,12.5,19.8,0.56,Low Ice,DEMO DATA — NOT FOR REAL-WORLD NAVIGATION,2026-09-21T13:29:46.813836
-61.0,13.0,15.3,0.48,Low Ice,DEMO DATA — NOT FOR REAL-WORLD NAVIGATION,2026-09-21T13:29:46.813836
-61.0,13.5,25.3,0.66,Low Ice,DEMO DATA — NOT FOR REAL-WORLD NAVIGATION,2026-09-21T13:29:46.813836
-61.0,14.0,24.4,0.64,Low Ice,DEMO DATA — NOT FOR REAL-WORLD NAVIGATION,2026-09-21T13:29:46.813836
-61.0,14.5,20.8,0.57,Low Ice,DEMO DATA — NOT FOR REAL-WORLD NAVIGATION,2026-09-21T13:29:46.813836
-61.0,15.0,22.7,0.61,Low Ice,DEMO DATA — NOT FOR REAL-WORLD NAVIGATION,2026-09-21T13:29:46.813836
-61.0,15.5,21.2,0.58,Low Ice,DEMO DATA — NOT FOR REAL-WORLD NAVIGATION,2026-09-21T13:29:46.813836
-61.0,16.0,29.5,0.73,Low Ice,DEMO DATA — NOT FOR REAL-WORLD NAVIGATION,2026-09-21T13:29:46.813836
-61.0,16.5,25.1,0.65,Low Ice,DEMO DATA — NOT FOR REAL-WORLD NAVIGATION,2026-09-21T13:29:46.813836
-61.0,17.0,27.3,0.69,Low Ice,DEMO DATA — NOT FOR REAL-WORLD NAVIGATION,2026-09-21T13:29:46.813836
-61.0,17.5,19.3,0.55,Low Ice,DEMO DATA — NOT FOR REAL-WORLD NAVIGATION,2026-09-21T13:29:46.813836
-61.0,18.0,18.1,0.53,Low Ice,DEMO DATA — NOT FOR REAL-WORLD NAVIGATION,2026-09-21T13:29:46.813836
-61.0,18.5,24.5,0.64,Low Ice,DEMO DATA — NOT FOR REAL-WORLD NAVIGATION,2026-09-21T13:29:46.813836
-61.0,19.0,25.2,0.65,Low Ice,DEMO DATA — NOT FOR REAL-WORLD NAVIGATION,2026-09-21T13:29:46.813836
-61.0,19.5,25.9,0.67,Low Ice,DEMO DATA — NOT FOR REAL-WORLD NAVIGATION,2026-09-21T13:29:46.813836
-61.0,20.0,28.0,0.7,Low Ice,DEMO DATA — NOT FOR REAL-WORLD NAVIGATION,2026-09-21T13:29:46.813836
-61.0,20.5,20.0,0.56,Low Ice,DEMO DATA — NOT FOR REAL-WORLD NAVIGATION,2026-09-21T13:29:46.813836
-61.0,21.0,18.6,0.54,Low Ice,DEMO DATA — NOT FOR REAL-WORLD NAVIGATION,2026-09-21T13:29:46.813836
-61.0,21.5,27.9,0.7,Low Ice,DEMO DATA — NOT FOR REAL-WORLD NAVIGATION,2026-09-21T13:29:46.813836
-61.0,22.0,22.1,0.6,Low Ice,DEMO DATA — NOT FOR REAL-WORLD NAVIGATION,2026-09-21T13:29:46.813836
-60.5,0.0,19.6,0.55,Low Ice,DEMO DATA — NOT FOR REAL-WORLD NAVIGATION,2026-09-21T13:29:46.813836
-60.5,0.5,22.4,0.6,Low Ice,DEMO DATA — NOT FOR REAL-WORLD NAVIGATION,2026-09-21T13:29:46.813836
-60.5,1.0,11.9,0.41,Open Water,DEMO DATA — NOT FOR REAL-WORLD NAVIGATION,2026-09-21T13:29:46.813836
-60.5,1.5,17.3,0.51,Low Ice,DEMO DATA — NOT FOR REAL-WORLD NAVIGATION,2026-09-21T13:29:46.813836
-60.5,2.0,24.1,0.63,Low Ice,DEMO DATA — NOT FOR REAL-WORLD NAVIGATION,2026-09-21T13:29:46.813836
-60.5,2.5,11.3,0.4,Open Water,DEMO DATA — NOT FOR REAL-WORLD NAVIGATION,2026-09-21T13:29:46.813836
-60.5,3.0,17.3,0.51,Low Ice,DEMO DATA — NOT FOR REAL-WORLD NAVIGATION,2026-09-21T13:29:46.813836
-60.5,3.5,22.0,0.6,Low Ice,DEMO DATA — NOT FOR REAL-WORLD NAVIGATION,2026-09-21T13:29:46.813836
-60.5,4.0,22.2,0.6,Low Ice,DEMO DATA — NOT FOR REAL-WORLD NAVIGATION,2026-09-21T13:29:46.813836
-60.5,4.5,21.7,0.59,Low Ice,DEMO DATA — NOT FOR REAL-WORLD NAVIGATION,2026-09-21T13:29:46.813836
-60.5,5.0,15.0,0.47,Open Water,DEMO DATA — NOT FOR REAL-WORLD NAVIGATION,2026-09-21T13:29:46.813836
-60.5,5.5,21.6,0.59,Low Ice,DEMO DATA — NOT FOR REAL-WORLD NAVIGATION,2026-09-21T13:29:46.813836
-60.5,6.0,18.0,0.52,Low Ice,DEMO DATA — NOT FOR REAL-WORLD NAVIGATION,2026-09-21T13:29:46.813836
-60.5,6.5,21.1,0.58,Low Ice,DEMO DATA — NOT FOR REAL-WORLD NAVIGATION,2026-09-21T13:29:46.813836
-60.5,7.0,18.3,0.53,Low Ice,DEMO DATA — NOT FOR REAL-WORLD NAVIGATION,2026-09-21T13:29:46.813836
-60.5,7.5,21.1,0.58,Low Ice,DEMO DATA — NOT FOR REAL-WORLD NAVIGATION,2026-09-21T13:29:46.813836
-60.5,8.0,15.9,0.49,Low Ice,DEMO DATA — NOT FOR REAL-WORLD NAVIGATION,2026-09-21T13:29:46.813836
-60.5,8.5,17.3,0.51,Low Ice,DEMO DATA — NOT FOR REAL-WORLD NAVIGATION,2026-09-21T13:29:46.813836
-60.5,9.0,21.4,0.58,Low Ice,DEMO DATA — NOT FOR REAL-WORLD NAVIGATION,2026-09-21T13:29:46.813836
-60.5,9.5,12.5,0.42,Open Water,DEMO DATA — NOT FOR REAL-WORLD NAVIGATION,2026-09-21T13:29:46.813836
-60.5,10.0,18.3,0.53,Low Ice,DEMO DATA — NOT FOR REAL-WORLD NAVIGATION,2026-09-21T13:29:46.813836
-60.5,10.5,13.6,0.45,Open Water,DEMO DATA — NOT FOR REAL-WORLD NAVIGATION,2026-09-21T13:29:46.813836
-60.5,11.0,17.3,0.51,Low Ice,DEMO DATA — NOT FOR REAL-WORLD NAVIGATION,2026-09-21T13:29:46.813836
-60.5,11.5,14.2,0.46,Open Water,DEMO DATA — NOT FOR REAL-WORLD NAVIGATION,2026-09-21T13:29:46.813836
-60.5,12.0,16.1,0.49,Low Ice,DEMO DATA — NOT FOR REAL-WORLD NAVIGATION,2026-09-21T13:29:46.813836
-60.5,12.5,19.1,0.54,Low Ice,DEMO DATA — NOT FOR REAL-WORLD NAVIGATION,2026-09-21T13:29:46.813836
-60.5,13.0,21.9,0.6,Low Ice,DEMO DATA — NOT FOR REAL-WORLD NAVIGATION,2026-09-21T13:29:46.813836
-60.5,13.5,27.3,0.69,Low Ice,DEMO DATA — NOT FOR REAL-WORLD NAVIGATION,2026-09-21T13:29:46.813836
-60.5,14.0,14.4,0.46,Open Water,DEMO DATA — NOT FOR REAL-WORLD NAVIGATION,2026-09-21T13:29:46.813836
-60.5,14.5,19.8,0.56,Low Ice,DEMO DATA — NOT FOR REAL-WORLD NAVIGATION,2026-09-21T13:29:46.813836
-60.5,15.0,14.0,0.45,Open Water,DEMO DATA — NOT FOR REAL-WORLD NAVIGATION,2026-09-21T13:29:46.813836
-60.5,15.5,24.2,0.64,Low Ice,DEMO DATA — NOT FOR REAL-WORLD NAVIGATION,2026-09-21T13:29:46.813836
-60.5,16.0,19.9,0.56,Low Ice,DEMO DATA — NOT FOR REAL-WORLD NAVIGATION,2026-09-21T13:29:46.813836
-60.5,16.5,19.5,0.55,Low Ice,DEMO DATA — NOT FOR REAL-WORLD NAVIGATION,2026-09-21T13:29:46.813836
-60.5,17.0,14.2,0.46,Open Water,DEMO DATA — NOT FOR REAL-WORLD NAVIGATION,2026-09-21T13:29:46.813836
-60.5,17.5,27.5,0.7,Low Ice,DEMO DATA — NOT FOR REAL-WORLD NAVIGATION,2026-09-21T13:29:46.813836
-60.5,18.0,16.9,0.5,Low Ice,DEMO DATA — NOT FOR REAL-WORLD NAVIGATION,2026-09-21T13:29:46.813836
-60.5,18.5,22.6,0.61,Low Ice,DEMO DATA — NOT FOR REAL-WORLD NAVIGATION,2026-09-21T13:29:46.813836
-60.5,19.0,19.8,0.56,Low Ice,DEMO DATA — NOT FOR REAL-WORLD NAVIGATION,2026-09-21T13:29:46.813836
-60.5,19.5,21.4,0.58,Low Ice,DEMO DATA — NOT FOR REAL-WORLD NAVIGATION,2026-09-21T13:29:46.813836
-60.5,20.0,25.0,0.65,Low Ice,DEMO DATA — NOT FOR REAL-WORLD NAVIGATION,2026-09-21T13:29:46.813836
-60.5,20.5,12.4,0.42,Open Water,DEMO DATA — NOT FOR REAL-WORLD NAVIGATION,2026-09-21T13:29:46.813836
-60.5,21.0,19.8,0.56,Low Ice,DEMO DATA — NOT FOR REAL-WORLD NAVIGATION,2026-09-21T13:29:46.813836
-60.5,21.5,10.3,0.39,Open Water,DEMO DATA — NOT FOR REAL-WORLD NAVIGATION,2026-09-21T13:29:46.813836
-60.5,22.0,20.3,0.56,Low Ice,DEMO DATA — NOT FOR REAL-WORLD NAVIGATION,2026-09-21T13:29:46.813836
-60.0,0.0,12.1,0.42,Open Water,DEMO DATA — NOT FOR REAL-WORLD NAVIGATION,2026-09-21T13:29:46.813836
-60.0,0.5,18.5,0.53,Low Ice,DEMO DATA — NOT FOR REAL-WORLD NAVIGATION,2026-09-21T13:29:46.813836
-60.0,1.0,13.2,0.44,Open Water,DEMO DATA — NOT FOR REAL-WORLD NAVIGATION,2026-09-21T13:29:46.813836
-60.0,1.5,19.6,0.55,Low Ice,DEMO DATA — NOT FOR REAL-WORLD NAVIGATION,2026-09-21T13:29:46.813836
-60.0,2.0,11.6,0.41,Open Water,DEMO DATA — NOT FOR REAL-WORLD NAVIGATION,2026-09-21T13:29:46.813836
-60.0,2.5,17.8,0.52,Low Ice,DEMO DATA — NOT FOR REAL-WORLD NAVIGATION,2026-09-21T13:29:46.813836
-60.0,3.0,18.6,0.53,Low Ice,DEMO DATA — NOT FOR REAL-WORLD NAVIGATION,2026-09-21T13:29:46.813836
-60.0,3.5,14.1,0.45,Open Water,DEMO DATA — NOT FOR REAL-WORLD NAVIGATION,2026-09-21T13:29:46.813836
-60.0,4.0,16.8,0.5,Low Ice,DEMO DATA — NOT FOR REAL-WORLD NAVIGATION,2026-09-21T13:29:46.813836
-60.0,4.5,14.8,0.47,Open Water,DEMO DATA — NOT FOR REAL-WORLD NAVIGATION,2026-09-21T13:29:46.813836
-60.0,5.0,12.3,0.42,Open Water,DEMO DATA — NOT FOR REAL-WORLD NAVIGATION,2026-09-21T13:29:46.813836
-60.0,5.5,24.9,0.65,Low Ice,DEMO DATA — NOT FOR REAL-WORLD NAVIGATION,2026-09-21T13:29:46.813836
-60.0,6.0,15.9,0.49,Low Ice,DEMO DATA — NOT FOR REAL-WORLD NAVIGATION,2026-09-21T13:29:46.813836
-60.0,6.5,14.1,0.45,Open Water,DEMO DATA — NOT FOR REAL-WORLD NAVIGATION,2026-09-21T13:29:46.813836
-60.0,7.0,17.7,0.52,Low Ice,DEMO DATA — NOT FOR REAL-WORLD NAVIGATION,2026-09-21T13:29:46.813836
-60.0,7.5,14.4,0.46,Open Water,DEMO DATA — NOT FOR REAL-WORLD NAVIGATION,2026-09-21T13:29:46.813836
-60.0,8.0,14.7,0.46,Open Water,DEMO DATA — NOT FOR REAL-WORLD NAVIGATION,2026-09-21T13:29:46.813836
-60.0,8.5,20.9,0.58,Low Ice,DEMO DATA — NOT FOR REAL-WORLD NAVIGATION,2026-09-21T13:29:46.813836
-60.0,9.0,12.6,0.43,Open Water,DEMO DATA — NOT FOR REAL-WORLD NAVIGATION,2026-09-21T13:29:46.813836
-60.0,9.5,18.2,0.53,Low Ice,DEMO DATA — NOT FOR REAL-WORLD NAVIGATION,2026-09-21T13:29:46.813836
-60.0,10.0,11.4,0.41,Open Water,DEMO DATA — NOT FOR REAL-WORLD NAVIGATION,2026-09-21T13:29:46.813836
-60.0,10.5,17.5,0.52,Low Ice,DEMO DATA — NOT FOR REAL-WORLD NAVIGATION,2026-09-21T13:29:46.813836
-60.0,11.0,16.4,0.49,Low Ice,DEMO DATA — NOT FOR REAL-WORLD NAVIGATION,2026-09-21T13:29:46.813836
-60.0,11.5,19.9,0.56,Low Ice,DEMO DATA — NOT FOR REAL-WORLD NAVIGATION,2026-09-21T13:29:46.813836
-60.0,12.0,15.9,0.49,Low Ice,DEMO DATA — NOT FOR REAL-WORLD NAVIGATION,2026-09-21T13:29:46.813836
-60.0,12.5,12.8,0.43,Open Water,DEMO DATA — NOT FOR REAL-WORLD NAVIGATION,2026-09-21T13:29:46.813836
-60.0,13.0,16.7,0.5,Low Ice,DEMO DATA — NOT FOR REAL-WORLD NAVIGATION,2026-09-21T13:29:46.813836
-60.0,13.5,10.8,0.39,Open Water,DEMO DATA — NOT FOR REAL-WORLD NAVIGATION,2026-09-21T13:29:46.813836
-60.0,14.0,16.3,0.49,Low Ice,DEMO DATA — NOT FOR REAL-WORLD NAVIGATION,2026-09-21T13:29:46.813836
-60.0,14.5,10.7,0.39,Open Water,DEMO DATA — NOT FOR REAL-WORLD NAVIGATION,2026-09-21T13:29:46.813836
-60.0,15.0,16.9,0.5,Low Ice,DEMO DATA — NOT FOR REAL-WORLD NAVIGATION,2026-09-21T13:29:46.813836
-60.0,15.5,14.7,0.47,Open Water,DEMO DATA — NOT FOR REAL-WORLD NAVIGATION,2026-09-21T13:29:46.813836
-60.0,16.0,18.7,0.54,Low Ice,DEMO DATA — NOT FOR REAL-WORLD NAVIGATION,2026-09-21T13:29:46.813836
-60.0,16.5,16.1,0.49,Low Ice,DEMO DATA — NOT FOR REAL-WORLD NAVIGATION,2026-09-21T13:29:46.813836
-60.0,17.0,17.1,0.51,Low Ice,DEMO DATA — NOT FOR REAL-WORLD NAVIGATION,2026-09-21T13:29:46.813836
-60.0,17.5,12.8,0.43,Open Water,DEMO DATA — NOT FOR REAL-WORLD NAVIGATION,2026-09-21T13:29:46.813836
-60.0,18.0,15.9,0.49,Low Ice,DEMO DATA — NOT FOR REAL-WORLD NAVIGATION,2026-09-21T13:29:46.813836
-60.0,18.5,12.0,0.42,Open Water,DEMO DATA — NOT FOR REAL-WORLD NAVIGATION,2026-09-21T13:29:46.813836
-60.0,19.0,18.0,0.52,Low Ice,DEMO DATA — NOT FOR REAL-WORLD NAVIGATION,2026-09-21T13:29:46.813836
-60.0,19.5,15.4,0.48,Low Ice,DEMO DATA — NOT FOR REAL-WORLD NAVIGATION,2026-09-21T13:29:46.813836
-60.0,20.0,15.7,0.48,Low Ice,DEMO DATA — NOT FOR REAL-WORLD NAVIGATION,2026-09-21T13:29:46.813836
-60.0,20.5,7.8,0.0,Open Water,DEMO DATA — NOT FOR REAL-WORLD NAVIGATION,2026-09-21T13:29:46.813836
-60.0,21.0,14.5,0.46,Open Water,DEMO DATA — NOT FOR REAL-WORLD NAVIGATION,2026-09-21T13:29:46.813836
-60.0,21.5,17.3,0.51,Low Ice,DEMO DATA — NOT FOR REAL-WORLD NAVIGATION,2026-09-21T13:29:46.813836
-60.0,22.0,13.7,0.45,Open Water,DEMO DATA — NOT FOR REAL-WORLD NAVIGATION,2026-09-21T13:29:46.813836
-59.5,0.0,6.5,0.0,Open Water,DEMO DATA — NOT FOR REAL-WORLD NAVIGATION,2026-09-21T13:29:46.813836
-59.5,0.5,11.9,0.41,Open Water,DEMO DATA — NOT FOR REAL-WORLD NAVIGATION,2026-09-21T13:29:46.813836
-59.5,1.0,17.7,0.52,Low Ice,DEMO DATA — NOT FOR REAL-WORLD NAVIGATION,2026-09-21T13:29:46.813836
-59.5,1.5,6.0,0.0,Open Water,DEMO DATA — NOT FOR REAL-WORLD NAVIGATION,2026-09-21T13:29:46.813836
-59.5,2.0,7.8,0.0,Open Water,DEMO DATA — NOT FOR REAL-WORLD NAVIGATION,2026-09-21T13:29:46.813836
-59.5,2.5,10.3,0.39,Open Water,DEMO DATA — NOT FOR REAL-WORLD NAVIGATION,2026-09-21T13:29:46.813836
-59.5,3.0,7.0,0.0,Open Water,DEMO DATA — NOT FOR REAL-WORLD NAVIGATION,2026-09-21T13:29:46.813836
-59.5,3.5,12.0,0.42,Open Water,DEMO DATA — NOT FOR REAL-WORLD NAVIGATION,2026-09-21T13:29:46.813836
-59.5,4.0,6.4,0.0,Open Water,DEMO DATA — NOT FOR REAL-WORLD NAVIGATION,2026-09-21T13:29:46.813836
-59.5,4.5,10.1,0.38,Open Water,DEMO DATA — NOT FOR REAL-WORLD NAVIGATION,2026-09-21T13:29:46.813836
-59.5,5.0,15.1,0.47,Low Ice,DEMO DATA — NOT FOR REAL-WORLD NAVIGATION,2026-09-21T13:29:46.813836
-59.5,5.5,8.5,0.0,Open Water,DEMO DATA — NOT FOR REAL-WORLD NAVIGATION,2026-09-21T13:29:46.813836
-59.5,6.0,13.7,0.45,Open Water,DEMO DATA — NOT FOR REAL-WORLD NAVIGATION,2026-09-21T13:29:46.813836
-59.5,6.5,7.0,0.0,Open Water,DEMO DATA — NOT FOR REAL-WORLD NAVIGATION,2026-09-21T13:29:46.813836
-59.5,7.0,15.9,0.49,Low Ice,DEMO DATA — NOT FOR REAL-WORLD NAVIGATION,2026-09-21T13:29:46.813836
-59.5,7.5,13.6,0.45,Open Water,DEMO DATA — NOT FOR REAL-WORLD NAVIGATION,2026-09-21T13:29:46.813836
-59.5,8.0,13.5,0.44,Open Water,DEMO DATA — NOT FOR REAL-WORLD NAVIGATION,2026-09-21T13:29:46.813836
-59.5,8.5,13.0,0.43,Open Water,DEMO DATA — NOT FOR REAL-WORLD NAVIGATION,2026-09-21T13:29:46.813836
-59.5,9.0,6.1,0.0,Open Water,DEMO DATA — NOT FOR REAL-WORLD NAVIGATION,2026-09-21T13:29:46.813836
-59.5,9.5,11.3,0.4,Open Water,DEMO DATA — NOT FOR REAL-WORLD NAVIGATION,2026-09-21T13:29:46.813836
-59.5,10.0,4.5,0.0,Open Water,DEMO DATA — NOT FOR REAL-WORLD NAVIGATION,2026-09-21T13:29:46.813836
-59.5,10.5,5.6,0.0,Open Water,DEMO DATA — NOT FOR REAL-WORLD NAVIGATION,2026-09-21T13:29:46.813836
-59.5,11.0,13.3,0.44,Open Water,DEMO DATA — NOT FOR REAL-WORLD NAVIGATION,2026-09-21T13:29:46.813836
-59.5,11.5,7.1,0.0,Open Water,DEMO DATA — NOT FOR REAL-WORLD NAVIGATION,2026-09-21T13:29:46.813836
-59.5,12.0,7.6,0.0,Open Water,DEMO DATA — NOT FOR REAL-WORLD NAVIGATION,2026-09-21T13:29:46.813836
-59.5,12.5,4.4,0.0,Open Water,DEMO DATA — NOT FOR REAL-WORLD NAVIGATION,2026-09-21T13:29:46.813836
-59.5,13.0,6.3,0.0,Open Water,DEMO DATA — NOT FOR REAL-WORLD NAVIGATION,2026-09-21T13:29:46.813836
-59.5,13.5,7.6,0.0,Open Water,DEMO DATA — NOT FOR REAL-WORLD NAVIGATION,2026-09-21T13:29:46.813836
-59.5,14.0,17.6,0.52,Low Ice,DEMO DATA — NOT FOR REAL-WORLD NAVIGATION,2026-09-21T13:29:46.813836
-59.5,14.5,16.5,0.5,Low Ice,DEMO DATA — NOT FOR REAL-WORLD NAVIGATION,2026-09-21T13:29:46.813836
-59.5,15.0,17.9,0.52,Low Ice,DEMO DATA — NOT FOR REAL-WORLD NAVIGATION,2026-09-21T13:29:46.813836
-59.5,15.5,11.0,0.4,Open Water,DEMO DATA — NOT FOR REAL-WORLD NAVIGATION,2026-09-21T13:29:46.813836
-59.5,16.0,9.0,0.0,Open Water,DEMO DATA — NOT FOR REAL-WORLD NAVIGATION,2026-09-21T13:29:46.813836
-59.5,16.5,9.5,0.0,Open Water,DEMO DATA — NOT FOR REAL-WORLD NAVIGATION,2026-09-21T13:29:46.813836
-59.5,17.0,13.9,0.45,Open Water,DEMO DATA — NOT FOR REAL-WORLD NAVIGATION,2026-09-21T13:29:46.813836
-59.5,17.5,9.7,0.0,Open Water,DEMO DATA — NOT FOR REAL-WORLD NAVIGATION,2026-09-21T13:29:46.813836
-59.5,18.0,9.2,0.0,Open Water,DEMO DATA — NOT FOR REAL-WORLD NAVIGATION,2026-09-21T13:29:46.813836
-59.5,18.5,10.8,0.39,Open Water,DEMO DATA — NOT FOR REAL-WORLD NAVIGATION,2026-09-21T13:29:46.813836
-59.5,19.0,13.5,0.44,Open Water,DEMO DATA — NOT FOR REAL-WORLD NAVIGATION,2026-09-21T13:29:46.813836
-59.5,19.5,11.0,0.4,Open Water,DEMO DATA — NOT FOR REAL-WORLD NAVIGATION,2026-09-21T13:29:46.813836
-59.5,20.0,5.7,0.0,Open Water,DEMO DATA — NOT FOR REAL-WORLD NAVIGATION,2026-09-21T13:29:46.813836
-59.5,20.5,16.0,0.49,Low Ice,DEMO DATA — NOT FOR REAL-WORLD NAVIGATION,2026-09-21T13:29:46.813836
-59.5,21.0,3.5,0.0,Open Water,DEMO DATA — NOT FOR REAL-WORLD NAVIGATION,2026-09-21T13:29:46.813836
-59.5,21.5,9.1,0.0,Open Water,DEMO DATA — NOT FOR REAL-WORLD NAVIGATION,2026-09-21T13:29:46.813836
-59.5,22.0,16.2,0.49,Low Ice,DEMO DATA — NOT FOR REAL-WORLD NAVIGATION,2026-09-21T13:29:46.813836
-59.0,0.0,11.8,0.41,Open Water,DEMO DATA — NOT FOR REAL-WORLD NAVIGATION,2026-09-21T13:29:46.813836
-59.0,0.5,6.5,0.0,Open Water,DEMO DATA — NOT FOR REAL-WORLD NAVIGATION,2026-09-21T13:29:46.813836
-59.0,1.0,12.1,0.42,Open Water,DEMO DATA — NOT FOR REAL-WORLD NAVIGATION,2026-09-21T13:29:46.813836
-59.0,1.5,8.8,0.0,Open Water,DEMO DATA — NOT FOR REAL-WORLD NAVIGATION,2026-09-21T13:29:46.813836
-59.0,2.0,11.9,0.41,Open Water,DEMO DATA — NOT FOR REAL-WORLD NAVIGATION,2026-09-21T13:29:46.813836
-59.0,2.5,4.8,0.0,Open Water,DEMO DATA — NOT FOR REAL-WORLD NAVIGATION,2026-09-21T13:29:46.813836
-59.0,3.0,14.3,0.46,Open Water,DEMO DATA — NOT FOR REAL-WORLD NAVIGATION,2026-09-21T13:29:46.813836
-59.0,3.5,11.2,0.4,Open Water,DEMO DATA — NOT FOR REAL-WORLD NAVIGATION,2026-09-21T13:29:46.813836
-59.0,4.0,5.9,0.0,Open Water,DEMO DATA — NOT FOR REAL-WORLD NAVIGATION,2026-09-21T13:29:46.813836
-59.0,4.5,14.8,0.47,Open Water,DEMO DATA — NOT FOR REAL-WORLD NAVIGATION,2026-09-21T13:29:46.813836
-59.0,5.0,11.5,0.41,Open Water,DEMO DATA — NOT FOR REAL-WORLD NAVIGATION,2026-09-21T13:29:46.813836
-59.0,5.5,4.1,0.0,Open Water,DEMO DATA — NOT FOR REAL-WORLD NAVIGATION,2026-09-21T13:29:46.813836
-59.0,6.0,8.1,0.0,Open Water,DEMO DATA — NOT FOR REAL-WORLD NAVIGATION,2026-09-21T13:29:46.813836
-59.0,6.5,10.0,0.0,Open Water,DEMO DATA — NOT FOR REAL-WORLD NAVIGATION,2026-09-21T13:29:46.813836
-59.0,7.0,12.2,0.42,Open Water,DEMO DATA — NOT FOR REAL-WORLD NAVIGATION,2026-09-21T13:29:46.813836
-59.0,7.5,11.4,0.41,Open Water,DEMO DATA — NOT FOR REAL-WORLD NAVIGATION,2026-09-21T13:29:46.813836
-59.0,8.0,10.9,0.4,Open Water,DEMO DATA — NOT FOR REAL-WORLD NAVIGATION,2026-09-21T13:29:46.813836
-59.0,8.5,9.7,0.0,Open Water,DEMO DATA — NOT FOR REAL-WORLD NAVIGATION,2026-09-21T13:29:46.813836
-59.0,9.0,5.1,0.0,Open Water,DEMO DATA — NOT FOR REAL-WORLD NAVIGATION,2026-09-21T13:29:46.813836
-59.0,9.5,8.5,0.0,Open Water,DEMO DATA — NOT FOR REAL-WORLD NAVIGATION,2026-09-21T13:29:46.813836
-59.0,10.0,3.6,0.0,Open Water,DEMO DATA — NOT FOR REAL-WORLD NAVIGATION,2026-09-21T13:29:46.813836
-59.0,10.5,4.0,0.0,Open Water,DEMO DATA — NOT FOR REAL-WORLD NAVIGATION,2026-09-21T13:29:46.813836
-59.0,11.0,18.6,0.53,Low Ice,DEMO DATA — NOT FOR REAL-WORLD NAVIGATION,2026-09-21T13:29:46.813836
-59.0,11.5,12.8,0.43,Open Water,DEMO DATA — NOT FOR REAL-WORLD NAVIGATION,2026-09-21T13:29:46.813836
-59.0,12.0,5.9,0.0,Open Water,DEMO DATA — NOT FOR REAL-WORLD NAVIGATION,2026-09-21T13:29:46.813836
-59.0,12.5,8.7,0.0,Open Water,DEMO DATA — NOT FOR REAL-WORLD NAVIGATION,2026-09-21T13:29:46.813836
-59.0,13.0,9.8,0.0,Open Water,DEMO DATA — NOT FOR REAL-WORLD NAVIGATION,2026-09-21T13:29:46.813836
-59.0,13.5,6.3,0.0,Open Water,DEMO DATA — NOT FOR REAL-WORLD NAVIGATION,2026-09-21T13:29:46.813836
-59.0,14.0,6.6,0.0,Open Water,DEMO DATA — NOT FOR REAL-WORLD NAVIGATION,2026-09-21T13:29:46.813836
-59.0,14.5,8.0,0.0,Open Water,DEMO DATA — NOT FOR REAL-WORLD NAVIGATION,2026-09-21T13:29:46.813836
-59.0,15.0,10.8,0.39,Open Water,DEMO DATA — NOT FOR REAL-WORLD NAVIGATION,2026-09-21T13:29:46.813836
-59.0,15.5,6.3,0.0,Open Water,DEMO DATA — NOT FOR REAL-WORLD NAVIGATION,2026-09-21T13:29:46.813836
-59.0,16.0,5.9,0.0,Open Water,DEMO DATA — NOT FOR REAL-WORLD NAVIGATION,2026-09-21T13:29:46.813836
-59.0,16.5,9.0,0.0,Open Water,DEMO DATA — NOT FOR REAL-WORLD NAVIGATION,2026-09-21T13:29:46.813836
-59.0,17.0,12.6,0.43,Open Water,DEMO DATA — NOT FOR REAL-WORLD NAVIGATION,2026-09-21T13:29:46.813836
-59.0,17.5,1.4,0.0,Open Water,DEMO DATA — NOT FOR REAL-WORLD NAVIGATION,2026-09-21T13:29:46.813836
-59.0,18.0,10.2,0.38,Open Water,DEMO DATA — NOT FOR REAL-WORLD NAVIGATION,2026-09-21T13:29:46.813836
-59.0,18.5,9.5,0.0,Open Water,DEMO DATA — NOT FOR REAL-WORLD NAVIGATION,2026-09-21T13:29:46.813836
-59.0,19.0,12.7,0.43,Open Water,DEMO DATA — NOT FOR REAL-WORLD NAVIGATION,2026-09-21T13:29:46.813836
-59.0,19.5,11.8,0.41,Open Water,DEMO DATA — NOT FOR REAL-WORLD NAVIGATION,2026-09-21T13:29:46.813836
-59.0,20.0,4.5,0.0,Open Water,DEMO DATA — NOT FOR REAL-WORLD NAVIGATION,2026-09-21T13:29:46.813836
-59.0,20.5,10.8,0.39,Open Water,DEMO DATA — NOT FOR REAL-WORLD NAVIGATION,2026-09-21T13:29:46.813836
-59.0,21.0,16.0,0.49,Low Ice,DEMO DATA — NOT FOR REAL-WORLD NAVIGATION,2026-09-21T13:29:46.813836
-59.0,21.5,7.3,0.0,Open Water,DEMO DATA — NOT FOR REAL-WORLD NAVIGATION,2026-09-21T13:29:46.813836
-59.0,22.0,16.0,0.49,Low Ice,DEMO DATA — NOT FOR REAL-WORLD NAVIGATION,2026-09-21T13:29:46.813836
-58.5,0.0,9.9,0.0,Open Water,DEMO DATA — NOT FOR REAL-WORLD NAVIGATION,2026-09-21T13:29:46.813836
-58.5,0.5,11.9,0.41,Open Water,DEMO DATA — NOT FOR REAL-WORLD NAVIGATION,2026-09-21T13:29:46.813836
-58.5,1.0,0.0,0.0,Open Water,DEMO DATA — NOT FOR REAL-WORLD NAVIGATION,2026-09-21T13:29:46.813836
-58.5,1.5,8.4,0.0,Open Water,DEMO DATA — NOT FOR REAL-WORLD NAVIGATION,2026-09-21T13:29:46.813836
-58.5,2.0,7.6,0.0,Open Water,DEMO DATA — NOT FOR REAL-WORLD NAVIGATION,2026-09-21T13:29:46.813836
-58.5,2.5,4.5,0.0,Open Water,DEMO DATA — NOT FOR REAL-WORLD NAVIGATION,2026-09-21T13:29:46.813836
-58.5,3.0,10.7,0.39,Open Water,DEMO DATA — NOT FOR REAL-WORLD NAVIGATION,2026-09-21T13:29:46.813836
-58.5,3.5,7.9,0.0,Open Water,DEMO DATA — NOT FOR REAL-WORLD NAVIGATION,2026-09-21T13:29:46.813836
-58.5,4.0,3.1,0.0,Open Water,DEMO DATA — NOT FOR REAL-WORLD NAVIGATION,2026-09-21T13:29:46.813836
-58.5,4.5,6.0,0.0,Open Water,DEMO DATA — NOT FOR REAL-WORLD NAVIGATION,2026-09-21T13:29:46.813836
-58.5,5.0,9.2,0.0,Open Water,DEMO DATA — NOT FOR REAL-WORLD NAVIGATION,2026-09-21T13:29:46.813836
-58.5,5.5,5.5,0.0,Open Water,DEMO DATA — NOT FOR REAL-WORLD NAVIGATION,2026-09-21T13:29:46.813836
-58.5,6.0,13.1,0.44,Open Water,DEMO DATA — NOT FOR REAL-WORLD NAVIGATION,2026-09-21T13:29:46.813836
-58.5,6.5,6.3,0.0,Open Water,DEMO DATA — NOT FOR REAL-WORLD NAVIGATION,2026-09-21T13:29:46.813836
-58.5,7.0,9.4,0.0,Open Water,DEMO DATA — NOT FOR REAL-WORLD NAVIGATION,2026-09-21T13:29:46.813836
-58.5,7.5,11.5,0.41,Open Water,DEMO DATA — NOT FOR REAL-WORLD NAVIGATION,2026-09-21T13:29:46.813836
-58.5,8.0,7.8,0.0,Open Water,DEMO DATA — NOT FOR REAL-WORLD NAVIGATION,2026-09-21T13:29:46.813836
-58.5,8.5,9.5,0.0,Open Water,DEMO DATA — NOT FOR REAL-WORLD NAVIGATION,2026-09-21T13:29:46.813836
-58.5,9.0,11.5,0.41,Open Water,DEMO DATA — NOT FOR REAL-WORLD NAVIGATION,2026-09-21T13:29:46.813836
-58.5,9.5,11.8,0.41,Open Water,DEMO DATA — NOT FOR REAL-WORLD NAVIGATION,2026-09-21T13:29:46.813836
-58.5,10.0,7.4,0.0,Open Water,DEMO DATA — NOT FOR REAL-WORLD NAVIGATION,2026-09-21T13:29:46.813836
-58.5,10.5,9.4,0.0,Open Water,DEMO DATA — NOT FOR REAL-WORLD NAVIGATION,2026-09-21T13:29:46.813836
-58.5,11.0,8.4,0.0,Open Water,DEMO DATA — NOT FOR REAL-WORLD NAVIGATION,2026-09-21T13:29:46.813836
-58.5,11.5,10.2,0.38,Open Water,DEMO DATA — NOT FOR REAL-WORLD NAVIGATION,2026-09-21T13:29:46.813836
-58.5,12.0,6.4,0.0,Open Water,DEMO DATA — NOT FOR REAL-WORLD NAVIGATION,2026-09-21T13:29:46.813836
-58.5,12.5,9.7,0.0,Open Water,DEMO DATA — NOT FOR REAL-WORLD NAVIGATION,2026-09-21T13:29:46.813836
-58.5,13.0,10.6,0.39,Open Water,DEMO DATA — NOT FOR REAL-WORLD NAVIGATION,2026-09-21T13:29:46.813836
-58.5,13.5,11.2,0.4,Open Water,DEMO DATA — NOT FOR REAL-WORLD NAVIGATION,2026-09-21T13:29:46.813836
-58.5,14.0,8.1,0.0,Open Water,DEMO DATA — NOT FOR REAL-WORLD NAVIGATION,2026-09-21T13:29:46.813836
-58.5,14.5,8.5,0.0,Open Water,DEMO DATA — NOT FOR REAL-WORLD NAVIGATION,2026-09-21T13:29:46.813836
-58.5,15.0,12.8,0.43,Open Water,DEMO DATA — NOT FOR REAL-WORLD NAVIGATION,2026-09-21T13:29:46.813836
-58.5,15.5,8.1,0.0,Open Water,DEMO DATA — NOT FOR REAL-WORLD NAVIGATION,2026-09-21T13:29:46.813836
-58.5,16.0,6.2,0.0,Open Water,DEMO DATA — NOT FOR REAL-WORLD NAVIGATION,2026-09-21T13:29:46.813836
-58.5,16.5,9.3,0.0,Open Water,DEMO DATA — NOT FOR REAL-WORLD NAVIGATION,2026-09-21T13:29:46.813836
-58.5,17.0,6.0,0.0,Open Water,DEMO DATA — NOT FOR REAL-WORLD NAVIGATION,2026-09-21T13:29:46.813836
-58.5,17.5,11.7,0.41,Open Water,DEMO DATA — NOT FOR REAL-WORLD NAVIGATION,2026-09-21T13:29:46.813836
-58.5,18.0,13.8,0.45,Open Water,DEMO DATA — NOT FOR REAL-WORLD NAVIGATION,2026-09-21T13:29:46.813836
-58.5,18.5,5.1,0.0,Open Water,DEMO DATA — NOT FOR REAL-WORLD NAVIGATION,2026-09-21T13:29:46.813836
-58.5,19.0,10.4,0.39,Open Water,DEMO DATA — NOT FOR REAL-WORLD NAVIGATION,2026-09-21T13:29:46.813836
-58.5,19.5,12.4,0.42,Open Water,DEMO DATA — NOT FOR REAL-WORLD NAVIGATION,2026-09-21T13:29:46.813836
-58.5,20.0,7.3,0.0,Open Water,DEMO DATA — NOT FOR REAL-WORLD NAVIGATION,2026-09-21T13:29:46.813836
-58.5,20.5,6.0,0.0,Open Water,DEMO DATA — NOT FOR REAL-WORLD NAVIGATION,2026-09-21T13:29:46.813836
-58.5,21.0,10.3,0.39,Open Water,DEMO DATA — NOT FOR REAL-WORLD NAVIGATION,2026-09-21T13:29:46.813836
-58.5,21.5,13.9,0.45,Open Water,DEMO DATA — NOT FOR REAL-WORLD NAVIGATION,2026-09-21T13:29:46.813836
-58.5,22.0,0.9,0.0,Open Water,DEMO DATA — NOT FOR REAL-WORLD NAVIGATION,2026-09-21T13:29:46.813836
-58.0,0.0,5.1,0.0,Open Water,DEMO DATA — NOT FOR REAL-WORLD NAVIGATION,2026-09-21T13:29:46.813836
-58.0,0.5,1.7,0.0,Open Water,DEMO DATA — NOT FOR REAL-WORLD NAVIGATION,2026-09-21T13:29:46.813836
-58.0,1.0,2.8,0.0,Open Water,DEMO DATA — NOT FOR REAL-WORLD NAVIGATION,2026-09-21T13:29:46.813836
-58.0,1.5,0.0,0.0,Open Water,DEMO DATA — NOT FOR REAL-WORLD NAVIGATION,2026-09-21T13:29:46.813836
-58.0,2.0,4.9,0.0,Open Water,DEMO DATA — NOT FOR REAL-WORLD NAVIGATION,2026-09-21T13:29:46.813836
-58.0,2.5,4.2,0.0,Open Water,DEMO DATA — NOT FOR REAL-WORLD NAVIGATION,2026-09-21T13:29:46.813836
-58.0,3.0,1.7,0.0,Open Water,DEMO DATA — NOT FOR REAL-WORLD NAVIGATION,2026-09-21T13:29:46.813836
-58.0,3.5,5.3,0.0,Open Water,DEMO DATA — NOT FOR REAL-WORLD NAVIGATION,2026-09-21T13:29:46.813836
-58.0,4.0,10.9,0.4,Open Water,DEMO DATA — NOT FOR REAL-WORLD NAVIGATION,2026-09-21T13:29:46.813836
-58.0,4.5,17.5,0.52,Low Ice,DEMO DATA — NOT FOR REAL-WORLD NAVIGATION,2026-09-21T13:29:46.813836
-58.0,5.0,10.2,0.38,Open Water,DEMO DATA — NOT FOR REAL-WORLD NAVIGATION,2026-09-21T13:29:46.813836
-58.0,5.5,2.1,0.0,Open Water,DEMO DATA — NOT FOR REAL-WORLD NAVIGATION,2026-09-21T13:29:46.813836
-58.0,6.0,14.9,0.47,Open Water,DEMO DATA — NOT FOR REAL-WORLD NAVIGATION,2026-09-21T13:29:46.813836
-58.0,6.5,5.6,0.0,Open Water,DEMO DATA — NOT FOR REAL-WORLD NAVIGATION,2026-09-21T13:29:46.813836
-58.0,7.0,2.3,0.0,Open Water,DEMO DATA — NOT FOR REAL-WORLD NAVIGATION,2026-09-21T13:29:46.813836
-58.0,7.5,5.2,0.0,Open Water,DEMO DATA — NOT FOR REAL-WORLD NAVIGATION,2026-09-21T13:29:46.813836
-58.0,8.0,7.1,0.0,Open Water,DEMO DATA — NOT FOR REAL-WORLD NAVIGATION,2026-09-21T13:29:46.813836
-58.0,8.5,6.6,0.0,Open Water,DEMO DATA — NOT FOR REAL-WORLD NAVIGATION,2026-09-21T13:29:46.813836
-58.0,9.0,1.6,0.0,Open Water,DEMO DATA — NOT FOR REAL-WORLD NAVIGATION,2026-09-21T13:29:46.813836
-58.0,9.5,12.1,0.42,Open Water,DEMO DATA — NOT FOR REAL-WORLD NAVIGATION,2026-09-21T13:29:46.813836
-58.0,10.0,9.3,0.0,Open Water,DEMO DATA — NOT FOR REAL-WORLD NAVIGATION,2026-09-21T13:29:46.813836
-58.0,10.5,8.1,0.0,Open Water,DEMO DATA — NOT FOR REAL-WORLD NAVIGATION,2026-09-21T13:29:46.813836
-58.0,11.0,11.0,0.4,Open Water,DEMO DATA — NOT FOR REAL-WORLD NAVIGATION,2026-09-21T13:29:46.813836
-58.0,11.5,11.3,0.4,Open Water,DEMO DATA — NOT FOR REAL-WORLD NAVIGATION,2026-09-21T13:29:46.813836
-58.0,12.0,11.6,0.41,Open Water,DEMO DATA — NOT FOR REAL-WORLD NAVIGATION,2026-09-21T13:29:46.813836
-58.0,12.5,1.8,0.0,Open Water,DEMO DATA — NOT FOR REAL-WORLD NAVIGATION,2026-09-21T13:29:46.813836
-58.0,13.0,0.0,0.0,Open Water,DEMO DATA — NOT FOR REAL-WORLD NAVIGATION,2026-09-21T13:29:46.813836
-58.0,13.5,4.0,0.0,Open Water,DEMO DATA — NOT FOR REAL-WORLD NAVIGATION,2026-09-21T13:29:46.813836
-58.0,14.0,8.9,0.0,Open Water,DEMO DATA — NOT FOR REAL-WORLD NAVIGATION,2026-09-21T13:29:46.813836
-58.0,14.5,8.1,0.0,Open Water,DEMO DATA — NOT FOR REAL-WORLD NAVIGATION,2026-09-21T13:29:46.813836
-58.0,15.0,2.6,0.0,Open Water,DEMO DATA — NOT FOR REAL-WORLD NAVIGATION,2026-09-21T13:29:46.813836
-58.0,15.5,5.9,0.0,Open Water,DEMO DATA — NOT FOR REAL-WORLD NAVIGATION,2026-09-21T13:29:46.813836
-58.0,16.0,5.6,0.0,Open Water,DEMO DATA — NOT FOR REAL-WORLD NAVIGATION,2026-09-21T13:29:46.813836
-58.0,16.5,13.9,0.45,Open Water,DEMO DATA — NOT FOR REAL-WORLD NAVIGATION,2026-09-21T13:29:46.813836
-58.0,17.0,6.4,0.0,Open Water,DEMO DATA — NOT FOR REAL-WORLD NAVIGATION,2026-09-21T13:29:46.813836
-58.0,17.5,5.6,0.0,Open Water,DEMO DATA — NOT FOR REAL-WORLD NAVIGATION,2026-09-21T13:29:46.813836
-58.0,18.0,3.4,0.0,Open Water,DEMO DATA — NOT FOR REAL-WORLD NAVIGATION,2026-09-21T13:29:46.813836
-58.0,18.5,6.5,0.0,Open Water,DEMO DATA — NOT FOR REAL-WORLD NAVIGATION,2026-09-21T13:29:46.813836
-58.0,19.0,9.7,0.0,Open Water,DEMO DATA — NOT FOR REAL-WORLD NAVIGATION,2026-09-21T13:29:46.813836
-58.0,19.5,8.8,0.0,Open Water,DEMO DATA — NOT FOR REAL-WORLD NAVIGATION,2026-09-21T13:29:46.813836
-58.0,20.0,6.6,0.0,Open Water,DEMO DATA — NOT FOR REAL-WORLD NAVIGATION,2026-09-21T13:29:46.813836
-58.0,20.5,7.6,0.0,Open Water,DEMO DATA — NOT FOR REAL-WORLD NAVIGATION,2026-09-21T13:29:46.813836
-58.0,21.0,8.8,0.0,Open Water,DEMO DATA — NOT FOR REAL-WORLD NAVIGATION,2026-09-21T13:29:46.813836
-58.0,21.5,6.3,0.0,Open Water,DEMO DATA — NOT FOR REAL-WORLD NAVIGATION,2026-09-21T13:29:46.813836
-58.0,22.0,8.3,0.0,Open Water,DEMO DATA — NOT FOR REAL-WORLD NAVIGATION,2026-09-21T13:29:46.813836
-57.5,0.0,6.6,0.0,Open Water,DEMO DATA — NOT FOR REAL-WORLD NAVIGATION,2026-09-21T13:29:46.813836
-57.5,0.5,1.9,0.0,Open Water,DEMO DATA — NOT FOR REAL-WORLD NAVIGATION,2026-09-21T13:29:46.813836
-57.5,1.0,6.1,0.0,Open Water,DEMO DATA — NOT FOR REAL-WORLD NAVIGATION,2026-09-21T13:29:46.813836
-57.5,1.5,12.3,0.42,Open Water,DEMO DATA — NOT FOR REAL-WORLD NAVIGATION,2026-09-21T13:29:46.813836
-57.5,2.0,10.4,0.39,Open Water,DEMO DATA — NOT FOR REAL-WORLD NAVIGATION,2026-09-21T13:29:46.813836
-57.5,2.5,2.8,0.0,Open Water,DEMO DATA — NOT FOR REAL-WORLD NAVIGATION,2026-09-21T13:29:46.813836
-57.5,3.0,7.9,0.0,Open Water,DEMO DATA — NOT FOR REAL-WORLD NAVIGATION,2026-09-21T13:29:46.813836
-57.5,3.5,10.5,0.39,Open Water,DEMO DATA — NOT FOR REAL-WORLD NAVIGATION,2026-09-21T13:29:46.813836
-57.5,4.0,7.8,0.0,Open Water,DEMO DATA — NOT FOR REAL-WORLD NAVIGATION,2026-09-21T13:29:46.813836
-57.5,4.5,6.2,0.0,Open Water,DEMO DATA — NOT FOR REAL-WORLD NAVIGATION,2026-09-21T13:29:46.813836
-57.5,5.0,2.9,0.0,Open Water,DEMO DATA — NOT FOR REAL-WORLD NAVIGATION,2026-09-21T13:29:46.813836
-57.5,5.5,6.0,0.0,Open Water,DEMO DATA — NOT FOR REAL-WORLD NAVIGATION,2026-09-21T13:29:46.813836
-57.5,6.0,9.8,0.0,Open Water,DEMO DATA — NOT FOR REAL-WORLD NAVIGATION,2026-09-21T13:29:46.813836
-57.5,6.5,8.9,0.0,Open Water,DEMO DATA — NOT FOR REAL-WORLD NAVIGATION,2026-09-21T13:29:46.813836
-57.5,7.0,6.2,0.0,Open Water,DEMO DATA — NOT FOR REAL-WORLD NAVIGATION,2026-09-21T13:29:46.813836
-57.5,7.5,4.8,0.0,Open Water,DEMO DATA — NOT FOR REAL-WORLD NAVIGATION,2026-09-21T13:29:46.813836
-57.5,8.0,6.6,0.0,Open Water,DEMO DATA — NOT FOR REAL-WORLD NAVIGATION,2026-09-21T13:29:46.813836
-57.5,8.5,14.9,0.47,Open Water,DEMO DATA — NOT FOR REAL-WORLD NAVIGATION,2026-09-21T13:29:46.813836
-57.5,9.0,10.0,0.38,Open Water,DEMO DATA — NOT FOR REAL-WORLD NAVIGATION,2026-09-21T13:29:46.813836
-57.5,9.5,3.2,0.0,Open Water,DEMO DATA — NOT FOR REAL-WORLD NAVIGATION,2026-09-21T13:29:46.813836
-57.5,10.0,12.0,0.42,Open Water,DEMO DATA — NOT FOR REAL-WORLD NAVIGATION,2026-09-21T13:29:46.813836
-57.5,10.5,7.7,0.0,Open Water,DEMO DATA — NOT FOR REAL-WORLD NAVIGATION,2026-09-21T13:29:46.813836
-57.5,11.0,7.7,0.0,Open Water,DEMO DATA — NOT FOR REAL-WORLD NAVIGATION,2026-09-21T13:29:46.813836
-57.5,11.5,3.1,0.0,Open Water,DEMO DATA — NOT FOR REAL-WORLD NAVIGATION,2026-09-21T13:29:46.813836
-57.5,12.0,11.2,0.4,Open Water,DEMO DATA — NOT FOR REAL-WORLD NAVIGATION,2026-09-21T13:29:46.813836
-57.5,12.5,8.3,0.0,Open Water,DEMO DATA — NOT FOR REAL-WORLD NAVIGATION,2026-09-21T13:29:46.813836
-57.5,13.0,9.1,0.0,Open Water,DEMO DATA — NOT FOR REAL-WORLD NAVIGATION,2026-09-21T13:29:46.813836
-57.5,13.5,9.4,0.0,Open Water,DEMO DATA — NOT FOR REAL-WORLD NAVIGATION,2026-09-21T13:29:46.813836
-57.5,14.0,3.2,0.0,Open Water,DEMO DATA — NOT FOR REAL-WORLD NAVIGATION,2026-09-21T13:29:46.813836
-57.5,14.5,7.6,0.0,Open Water,DEMO DATA — NOT FOR REAL-WORLD NAVIGATION,2026-09-21T13:29:46.813836
-57.5,15.0,7.7,0.0,Open Water,DEMO DATA — NOT FOR REAL-WORLD NAVIGATION,2026-09-21T13:29:46.813836
-57.5,15.5,7.1,0.0,Open Water,DEMO DATA — NOT FOR REAL-WORLD NAVIGATION,2026-09-21T13:29:46.813836
-57.5,16.0,5.5,0.0,Open Water,DEMO DATA — NOT FOR REAL-WORLD NAVIGATION,2026-09-21T13:29:46.813836
-57.5,16.5,10.2,0.38,Open Water,DEMO DATA — NOT FOR REAL-WORLD NAVIGATION,2026-09-21T13:29:46.813836
-57.5,17.0,3.2,0.0,Open Water,DEMO DATA — NOT FOR REAL-WORLD NAVIGATION,2026-09-21T13:29:46.813836
-57.5,17.5,4.6,0.0,Open Water,DEMO DATA — NOT FOR REAL-WORLD NAVIGATION,2026-09-21T13:29:46.813836
-57.5,18.0,5.8,0.0,Open Water,DEMO DATA — NOT FOR REAL-WORLD NAVIGATION,2026-09-21T13:29:46.813836
-57.5,18.5,6.0,0.0,Open Water,DEMO DATA — NOT FOR REAL-WORLD NAVIGATION,2026-09-21T13:29:46.813836
-57.5,19.0,8.6,0.0,Open Water,DEMO DATA — NOT FOR REAL-WORLD NAVIGATION,2026-09-21T13:29:46.813836
-57.5,19.5,15.3,0.48,Low Ice,DEMO DATA — NOT FOR REAL-WORLD NAVIGATION,2026-09-21T13:29:46.813836
-57.5,20.0,10.0,0.38,Open Water,DEMO DATA — NOT FOR REAL-WORLD NAVIGATION,2026-09-21T13:29:46.813836
-57.5,20.5,2.3,0.0,Open Water,DEMO DATA — NOT FOR REAL-WORLD NAVIGATION,2026-09-21T13:29:46.813836
-57.5,21.0,2.9,0.0,Open Water,DEMO DATA — NOT FOR REAL-WORLD NAVIGATION,2026-09-21T13:29:46.813836
-57.5,21.5,11.6,0.41,Open Water,DEMO DATA — NOT FOR REAL-WORLD NAVIGATION,2026-09-21T13:29:46.813836
-57.5,22.0,4.4,0.0,Open Water,DEMO DATA — NOT FOR REAL-WORLD NAVIGATION,2026-09-21T13:29:46.813836
-57.0,0.0,10.1,0.38,Open Water,DEMO DATA — NOT FOR REAL-WORLD NAVIGATION,2026-09-21T13:29:46.813836
-57.0,0.5,5.9,0.0,Open Water,DEMO DATA — NOT FOR REAL-WORLD NAVIGATION,2026-09-21T13:29:46.813836
-57.0,1.0,2.7,0.0,Open Water,DEMO DATA — NOT FOR REAL-WORLD NAVIGATION,2026-09-21T13:29:46.813836
-57.0,1.5,10.0,0.0,Open Water,DEMO DATA — NOT FOR REAL-WORLD NAVIGATION,2026-09-21T13:29:46.813836
-57.0,2.0,9.9,0.0,Open Water,DEMO DATA — NOT FOR REAL-WORLD NAVIGATION,2026-09-21T13:29:46.813836
-57.0,2.5,7.8,0.0,Open Water,DEMO DATA — NOT FOR REAL-WORLD NAVIGATION,2026-09-21T13:29:46.813836
-57.0,3.0,6.5,0.0,Open Water,DEMO DATA — NOT FOR REAL-WORLD NAVIGATION,2026-09-21T13:29:46.813836
-57.0,3.5,3.9,0.0,Open Water,DEMO DATA — NOT FOR REAL-WORLD NAVIGATION,2026-09-21T13:29:46.813836
-57.0,4.0,8.3,0.0,Open Water,DEMO DATA — NOT FOR REAL-WORLD NAVIGATION,2026-09-21T13:29:46.813836
-57.0,4.5,4.1,0.0,Open Water,DEMO DATA — NOT FOR REAL-WORLD NAVIGATION,2026-09-21T13:29:46.813836
-57.0,5.0,4.5,0.0,Open Water,DEMO DATA — NOT FOR REAL-WORLD NAVIGATION,2026-09-21T13:29:46.813836
-57.0,5.5,8.3,0.0,Open Water,DEMO DATA — NOT FOR REAL-WORLD NAVIGATION,2026-09-21T13:29:46.813836
-57.0,6.0,8.1,0.0,Open Water,DEMO DATA — NOT FOR REAL-WORLD NAVIGATION,2026-09-21T13:29:46.813836
-57.0,6.5,0.0,0.0,Open Water,DEMO DATA — NOT FOR REAL-WORLD NAVIGATION,2026-09-21T13:29:46.813836
-57.0,7.0,2.5,0.0,Open Water,DEMO DATA — NOT FOR REAL-WORLD NAVIGATION,2026-09-21T13:29:46.813836
-57.0,7.5,13.6,0.45,Open Water,DEMO DATA — NOT FOR REAL-WORLD NAVIGATION,2026-09-21T13:29:46.813836
-57.0,8.0,4.9,0.0,Open Water,DEMO DATA — NOT FOR REAL-WORLD NAVIGATION,2026-09-21T13:29:46.813836
-57.0,8.5,2.9,0.0,Open Water,DEMO DATA — NOT FOR REAL-WORLD NAVIGATION,2026-09-21T13:29:46.813836
-57.0,9.0,8.6,0.0,Open Water,DEMO DATA — NOT FOR REAL-WORLD NAVIGATION,2026-09-21T13:29:46.813836
-57.0,9.5,4.3,0.0,Open Water,DEMO DATA — NOT FOR REAL-WORLD NAVIGATION,2026-09-21T13:29:46.813836
-57.0,10.0,8.6,0.0,Open Water,DEMO DATA — NOT FOR REAL-WORLD NAVIGATION,2026-09-21T13:29:46.813836
-57.0,10.5,0.0,0.0,Open Water,DEMO DATA — NOT FOR REAL-WORLD NAVIGATION,2026-09-21T13:29:46.813836
-57.0,11.0,2.8,0.0,Open Water,DEMO DATA — NOT FOR REAL-WORLD NAVIGATION,2026-09-21T13:29:46.813836
-57.0,11.5,7.8,0.0,Open Water,DEMO DATA — NOT FOR REAL-WORLD NAVIGATION,2026-09-21T13:29:46.813836
-57.0,12.0,4.8,0.0,Open Water,DEMO DATA — NOT FOR REAL-WORLD NAVIGATION,2026-09-21T13:29:46.813836
-57.0,12.5,8.6,0.0,Open Water,DEMO DATA — NOT FOR REAL-WORLD NAVIGATION,2026-09-21T13:29:46.813836
-57.0,13.0,9.1,0.0,Open Water,DEMO DATA — NOT FOR REAL-WORLD NAVIGATION,2026-09-21T13:29:46.813836
-57.0,13.5,9.8,0.0,Open Water,DEMO DATA — NOT FOR REAL-WORLD NAVIGATION,2026-09-21T13:29:46.813836
-57.0,14.0,7.8,0.0,Open Water,DEMO DATA — NOT FOR REAL-WORLD NAVIGATION,2026-09-21T13:29:46.813836
-57.0,14.5,11.2,0.4,Open Water,DEMO DATA — NOT FOR REAL-WORLD NAVIGATION,2026-09-21T13:29:46.813836
-57.0,15.0,5.4,0.0,Open Water,DEMO DATA — NOT FOR REAL-WORLD NAVIGATION,2026-09-21T13:29:46.813836
-57.0,15.5,0.7,0.0,Open Water,DEMO DATA — NOT FOR REAL-WORLD NAVIGATION,2026-09-21T13:29:46.813836
-57.0,16.0,12.8,0.43,Open Water,DEMO DATA — NOT FOR REAL-WORLD NAVIGATION,2026-09-21T13:29:46.813836
-57.0,16.5,3.3,0.0,Open Water,DEMO DATA — NOT FOR REAL-WORLD NAVIGATION,2026-09-21T13:29:46.813836
-57.0,17.0,9.3,0.0,Open Water,DEMO DATA — NOT FOR REAL-WORLD NAVIGATION,2026-09-21T13:29:46.813836
-57.0,17.5,4.3,0.0,Open Water,DEMO DATA — NOT FOR REAL-WORLD NAVIGATION,2026-09-21T13:29:46.813836
-57.0,18.0,8.2,0.0,Open Water,DEMO DATA — NOT FOR REAL-WORLD NAVIGATION,2026-09-21T13:29:46.813836
-57.0,18.5,9.6,0.0,Open Water,DEMO DATA — NOT FOR REAL-WORLD NAVIGATION,2026-09-21T13:29:46.813836
-57.0,19.0,5.3,0.0,Open Water,DEMO DATA — NOT FOR REAL-WORLD NAVIGATION,2026-09-21T13:29:46.813836
-57.0,19.5,5.6,0.0,Open Water,DEMO DATA — NOT FOR REAL-WORLD NAVIGATION,2026-09-21T13:29:46.813836
-57.0,20.0,9.3,0.0,Open Water,DEMO DATA — NOT FOR REAL-WORLD NAVIGATION,2026-09-21T13:29:46.813836
-57.0,20.5,9.9,0.0,Open Water,DEMO DATA — NOT FOR REAL-WORLD NAVIGATION,2026-09-21T13:29:46.813836
-57.0,21.0,10.1,0.38,Open Water,DEMO DATA — NOT FOR REAL-WORLD NAVIGATION,2026-09-21T13:29:46.813836
-57.0,21.5,5.7,0.0,Open Water,DEMO DATA — NOT FOR REAL-WORLD NAVIGATION,2026-09-21T13:29:46.813836
-57.0,22.0,3.6,0.0,Open Water,DEMO DATA — NOT FOR REAL-WORLD NAVIGATION,2026-09-21T13:29:46.813836
-56.5,0.0,6.1,0.0,Open Water,DEMO DATA — NOT FOR REAL-WORLD NAVIGATION,2026-09-21T13:29:46.813836
-56.5,0.5,11.4,0.4,Open Water,DEMO DATA — NOT FOR REAL-WORLD NAVIGATION,2026-09-21T13:29:46.813836
-56.5,1.0,6.7,0.0,Open Water,DEMO DATA — NOT FOR REAL-WORLD NAVIGATION,2026-09-21T13:29:46.813836
-56.5,1.5,2.2,0.0,Open Water,DEMO DATA — NOT FOR REAL-WORLD NAVIGATION,2026-09-21T13:29:46.813836
-56.5,2.0,0.0,0.0,Open Water,DEMO DATA — NOT FOR REAL-WORLD NAVIGATION,2026-09-21T13:29:46.813836
-56.5,2.5,0.0,0.0,Open Water,DEMO DATA — NOT FOR REAL-WORLD NAVIGATION,2026-09-21T13:29:46.813836
-56.5,3.0,2.7,0.0,Open Water,DEMO DATA — NOT FOR REAL-WORLD NAVIGATION,2026-09-21T13:29:46.813836
-56.5,3.5,5.2,0.0,Open Water,DEMO DATA — NOT FOR REAL-WORLD NAVIGATION,2026-09-21T13:29:46.813836
-56.5,4.0,1.1,0.0,Open Water,DEMO DATA — NOT FOR REAL-WORLD NAVIGATION,2026-09-21T13:29:46.813836
-56.5,4.5,4.0,0.0,Open Water,DEMO DATA — NOT FOR REAL-WORLD NAVIGATION,2026-09-21T13:29:46.813836
-56.5,5.0,6.8,0.0,Open Water,DEMO DATA — NOT FOR REAL-WORLD NAVIGATION,2026-09-21T13:29:46.813836
-56.5,5.5,6.4,0.0,Open Water,DEMO DATA — NOT FOR REAL-WORLD NAVIGATION,2026-09-21T13:29:46.813836
-56.5,6.0,7.0,0.0,Open Water,DEMO DATA — NOT FOR REAL-WORLD NAVIGATION,2026-09-21T13:29:46.813836
-56.5,6.5,4.0,0.0,Open Water,DEMO DATA — NOT FOR REAL-WORLD NAVIGATION,2026-09-21T13:29:46.813836
-56.5,7.0,2.0,0.0,Open Water,DEMO DATA — NOT FOR REAL-WORLD NAVIGATION,2026-09-21T13:29:46.813836
-56.5,7.5,6.4,0.0,Open Water,DEMO DATA — NOT FOR REAL-WORLD NAVIGATION,2026-09-21T13:29:46.813836
-56.5,8.0,9.5,0.0,Open Water,DEMO DATA — NOT FOR REAL-WORLD NAVIGATION,2026-09-21T13:29:46.813836
-56.5,8.5,10.1,0.38,Open Water,DEMO DATA — NOT FOR REAL-WORLD NAVIGATION,2026-09-21T13:29:46.813836
-56.5,9.0,5.6,0.0,Open Water,DEMO DATA — NOT FOR REAL-WORLD NAVIGATION,2026-09-21T13:29:46.813836
-56.5,9.5,2.1,0.0,Open Water,DEMO DATA — NOT FOR REAL-WORLD NAVIGATION,2026-09-21T13:29:46.813836
-56.5,10.0,13.2,0.44,Open Water,DEMO DATA — NOT FOR REAL-WORLD NAVIGATION,2026-09-21T13:29:46.813836
-56.5,10.5,6.3,0.0,Open Water,DEMO DATA — NOT FOR REAL-WORLD NAVIGATION,2026-09-21T13:29:46.813836
-56.5,11.0,10.2,0.38,Open Water,DEMO DATA — NOT FOR REAL-WORLD NAVIGATION,2026-09-21T13:29:46.813836
-56.5,11.5,0.0,0.0,Open Water,DEMO DATA — NOT FOR REAL-WORLD NAVIGATION,2026-09-21T13:29:46.813836
-56.5,12.0,12.7,0.43,Open Water,DEMO DATA — NOT FOR REAL-WORLD NAVIGATION,2026-09-21T13:29:46.813836
-56.5,12.5,2.8,0.0,Open Water,DEMO DATA — NOT FOR REAL-WORLD NAVIGATION,2026-09-21T13:29:46.813836
-56.5,13.0,3.8,0.0,Open Water,DEMO DATA — NOT FOR REAL-WORLD NAVIGATION,2026-09-21T13:29:46.813836
-56.5,13.5,8.7,0.0,Open Water,DEMO DATA — NOT FOR REAL-WORLD NAVIGATION,2026-09-21T13:29:46.813836
-56.5,14.0,12.8,0.43,Open Water,DEMO DATA — NOT FOR REAL-WORLD NAVIGATION,2026-09-21T13:29:46.813836
-56.5,14.5,5.0,0.0,Open Water,DEMO DATA — NOT FOR REAL-WORLD NAVIGATION,2026-09-21T13:29:46.813836
-56.5,15.0,12.6,0.43,Open Water,DEMO DATA — NOT FOR REAL-WORLD NAVIGATION,2026-09-21T13:29:46.813836
-56.5,15.5,2.2,0.0,Open Water,DEMO DATA — NOT FOR REAL-WORLD NAVIGATION,2026-09-21T13:29:46.813836
-56.5,16.0,6.3,0.0,Open Water,DEMO DATA — NOT FOR REAL-WORLD NAVIGATION,2026-09-21T13:29:46.813836
-56.5,16.5,8.0,0.0,Open Water,DEMO DATA — NOT FOR REAL-WORLD NAVIGATION,2026-09-21T13:29:46.813836
-56.5,17.0,2.2,0.0,Open Water,DEMO DATA — NOT FOR REAL-WORLD NAVIGATION,2026-09-21T13:29:46.813836
-56.5,17.5,1.6,0.0,Open Water,DEMO DATA — NOT FOR REAL-WORLD NAVIGATION,2026-09-21T13:29:46.813836
-56.5,18.0,6.9,0.0,Open Water,DEMO DATA — NOT FOR REAL-WORLD NAVIGATION,2026-09-21T13:29:46.813836
-56.5,18.5,13.0,0.43,Open Water,DEMO DATA — NOT FOR REAL-WORLD NAVIGATION,2026-09-21T13:29:46.813836
-56.5,19.0,4.8,0.0,Open Water,DEMO DATA — NOT FOR REAL-WORLD NAVIGATION,2026-09-21T13:29:46.813836
-56.5,19.5,10.1,0.38,Open Water,DEMO DATA — NOT FOR REAL-WORLD NAVIGATION,2026-09-21T13:29:46.813836
-56.5,20.0,13.6,0.44,Open Water,DEMO DATA — NOT FOR REAL-WORLD NAVIGATION,2026-09-21T13:29:46.813836
-56.5,20.5,11.9,0.41,Open Water,DEMO DATA — NOT FOR REAL-WORLD NAVIGATION,2026-09-21T13:29:46.813836
-56.5,21.0,1.0,0.0,Open Water,DEMO DATA — NOT FOR REAL-WORLD NAVIGATION,2026-09-21T13:29:46.813836
-56.5,21.5,1.8,0.0,Open Water,DEMO DATA — NOT FOR REAL-WORLD NAVIGATION,2026-09-21T13:29:46.813836
-56.5,22.0,2.6,0.0,Open Water,DEMO DATA — NOT FOR REAL-WORLD NAVIGATION,2026-09-21T13:29:46.813836
-56.0,0.0,6.1,0.0,Open Water,DEMO DATA — NOT FOR REAL-WORLD NAVIGATION,2026-09-21T13:29:46.813836
-56.0,0.5,3.0,0.0,Open Water,DEMO DATA — NOT FOR REAL-WORLD NAVIGATION,2026-09-21T13:29:46.813836
-56.0,1.0,3.5,0.0,Open Water,DEMO DATA — NOT FOR REAL-WORLD NAVIGATION,2026-09-21T13:29:46.813836
-56.0,1.5,6.3,0.0,Open Water,DEMO DATA — NOT FOR REAL-WORLD NAVIGATION,2026-09-21T13:29:46.813836
-56.0,2.0,11.3,0.4,Open Water,DEMO DATA — NOT FOR REAL-WORLD NAVIGATION,2026-09-21T13:29:46.813836
-56.0,2.5,4.0,0.0,Open Water,DEMO DATA — NOT FOR REAL-WORLD NAVIGATION,2026-09-21T13:29:46.813836
-56.0,3.0,2.1,0.0,Open Water,DEMO DATA — NOT FOR REAL-WORLD NAVIGATION,2026-09-21T13:29:46.813836
-56.0,3.5,0.6,0.0,Open Water,DEMO DATA — NOT FOR REAL-WORLD NAVIGATION,2026-09-21T13:29:46.813836
-56.0,4.0,4.4,0.0,Open Water,DEMO DATA — NOT FOR REAL-WORLD NAVIGATION,2026-09-21T13:29:46.813836
-56.0,4.5,9.2,0.0,Open Water,DEMO DATA — NOT FOR REAL-WORLD NAVIGATION,2026-09-21T13:29:46.813836
-56.0,5.0,5.4,0.0,Open Water,DEMO DATA — NOT FOR REAL-WORLD NAVIGATION,2026-09-21T13:29:46.813836
-56.0,5.5,11.2,0.4,Open Water,DEMO DATA — NOT FOR REAL-WORLD NAVIGATION,2026-09-21T13:29:46.813836
-56.0,6.0,5.7,0.0,Open Water,DEMO DATA — NOT FOR REAL-WORLD NAVIGATION,2026-09-21T13:29:46.813836
-56.0,6.5,9.1,0.0,Open Water,DEMO DATA — NOT FOR REAL-WORLD NAVIGATION,2026-09-21T13:29:46.813836
-56.0,7.0,4.0,0.0,Open Water,DEMO DATA — NOT FOR REAL-WORLD NAVIGATION,2026-09-21T13:29:46.813836
-56.0,7.5,6.5,0.0,Open Water,DEMO DATA — NOT FOR REAL-WORLD NAVIGATION,2026-09-21T13:29:46.813836
-56.0,8.0,0.6,0.0,Open Water,DEMO DATA — NOT FOR REAL-WORLD NAVIGATION,2026-09-21T13:29:46.813836
-56.0,8.5,0.0,0.0,Open Water,DEMO DATA — NOT FOR REAL-WORLD NAVIGATION,2026-09-21T13:29:46.813836
-56.0,9.0,5.7,0.0,Open Water,DEMO DATA — NOT FOR REAL-WORLD NAVIGATION,2026-09-21T13:29:46.813836
-56.0,9.5,6.6,0.0,Open Water,DEMO DATA — NOT FOR REAL-WORLD NAVIGATION,2026-09-21T13:29:46.813836
-56.0,10.0,4.1,0.0,Open Water,DEMO DATA — NOT FOR REAL-WORLD NAVIGATION,2026-09-21T13:29:46.813836
-56.0,10.5,0.8,0.0,Open Water,DEMO DATA — NOT FOR REAL-WORLD NAVIGATION,2026-09-21T13:29:46.813836
-56.0,11.0,2.1,0.0,Open Water,DEMO DATA — NOT FOR REAL-WORLD NAVIGATION,2026-09-21T13:29:46.813836
-56.0,11.5,6.8,0.0,Open Water,DEMO DATA — NOT FOR REAL-WORLD NAVIGATION,2026-09-21T13:29:46.813836
-56.0,12.0,6.7,0.0,Open Water,DEMO DATA — NOT FOR REAL-WORLD NAVIGATION,2026-09-21T13:29:46.813836
-56.0,12.5,8.4,0.0,Open Water,DEMO DATA — NOT FOR REAL-WORLD NAVIGATION,2026-09-21T13:29:46.813836
-56.0,13.0,3.1,0.0,Open Water,DEMO DATA — NOT FOR REAL-WORLD NAVIGATION,2026-09-21T13:29:46.813836
-56.0,13.5,10.6,0.39,Open Water,DEMO DATA — NOT FOR REAL-WORLD NAVIGATION,2026-09-21T13:29:46.813836
-56.0,14.0,3.1,0.0,Open Water,DEMO DATA — NOT FOR REAL-WORLD NAVIGATION,2026-09-21T13:29:46.813836
-56.0,14.5,7.2,0.0,Open Water,DEMO DATA — NOT FOR REAL-WORLD NAVIGATION,2026-09-21T13:29:46.813836
-56.0,15.0,10.4,0.39,Open Water,DEMO DATA — NOT FOR REAL-WORLD NAVIGATION,2026-09-21T13:29:46.813836
-56.0,15.5,4.6,0.0,Open Water,DEMO DATA — NOT FOR REAL-WORLD NAVIGATION,2026-09-21T13:29:46.813836
-56.0,16.0,6.0,0.0,Open Water,DEMO DATA — NOT FOR REAL-WORLD NAVIGATION,2026-09-21T13:29:46.813836
-56.0,16.5,5.9,0.0,Open Water,DEMO DATA — NOT FOR REAL-WORLD NAVIGATION,2026-09-21T13:29:46.813836
-56.0,17.0,4.0,0.0,Open Water,DEMO DATA — NOT FOR REAL-WORLD NAVIGATION,2026-09-21T13:29:46.813836
-56.0,17.5,9.4,0.0,Open Water,DEMO DATA — NOT FOR REAL-WORLD NAVIGATION,2026-09-21T13:29:46.813836
-56.0,18.0,8.4,0.0,Open Water,DEMO DATA — NOT FOR REAL-WORLD NAVIGATION,2026-09-21T13:29:46.813836
-56.0,18.5,6.4,0.0,Open Water,DEMO DATA — NOT FOR REAL-WORLD NAVIGATION,2026-09-21T13:29:46.813836
-56.0,19.0,5.1,0.0,Open Water,DEMO DATA — NOT FOR REAL-WORLD NAVIGATION,2026-09-21T13:29:46.813836
-56.0,19.5,2.6,0.0,Open Water,DEMO DATA — NOT FOR REAL-WORLD NAVIGATION,2026-09-21T13:29:46.813836
-56.0,20.0,8.0,0.0,Open Water,DEMO DATA — NOT FOR REAL-WORLD NAVIGATION,2026-09-21T13:29:46.813836
-56.0,20.5,0.0,0.0,Open Water,DEMO DATA — NOT FOR REAL-WORLD NAVIGATION,2026-09-21T13:29:46.813836
-56.0,21.0,0.0,0.0,Open Water,DEMO DATA — NOT FOR REAL-WORLD NAVIGATION,2026-09-21T13:29:46.813836
-56.0,21.5,6.8,0.0,Open Water,DEMO DATA — NOT FOR REAL-WORLD NAVIGATION,2026-09-21T13:29:46.813836
-56.0,22.0,2.5,0.0,Open Water,DEMO DATA — NOT FOR REAL-WORLD NAVIGATION,2026-09-21T13:29:46.813836
